股票代號,公司名稱,產業分類,細分產業,產業地位說明,市場分類
1101,台泥,水泥,"水泥,水泥製品,預拌混凝土,電力,汽電共生",台灣最大水泥廠,上市
1102,亞泥,水泥,"水泥,預拌混凝土,高爐水泥,電力,汽電共生",台灣前二大水泥廠,上市
1103,嘉泥,水泥,"水泥,倉儲/貨櫃場,運輸事業,地產,物業投資發展,旅宿／餐飲,飯店",主要從事水泥通路貿易,上市
1104,環泥,水泥,"水泥,水泥製品,預拌混凝土",台灣最大石膏板供應商,上市
1108,幸福,水泥,"水泥,預拌混凝土,高爐水泥",台灣第三大水泥廠,上市
1109,信大,水泥,"水泥,預拌混凝土,高爐水泥",銷售市場以台北、宜蘭、基隆、桃園等為主,上市
1110,東泥,水泥,"水泥,高爐水泥",台灣中南部市場水泥供應商,上市
1201,味全,食品,"非酒精飲料,乳製品,食品加工,飲料相關",老牌綜合食品大廠,上市
1203,味王,食品,"速食麵,調味品,食品加工,罐頭業,調理食品,資產股",老牌食品廠,上市
1210,大成,食品,"農林漁牧,飼料,食品加工,大宗物資,肉品加工",兩岸最大白肉雞電宰加工廠及飼料大廠,上市
1213,大飲,食品,"非酒精飲料,飲料相關",產品以蘋果西打為主,上市
1215,卜蜂,食品,"農林漁牧,飼料,食品加工,肉品加工",台灣白肉雞供應商及飼料大廠,上市
1216,統一,食品,"農林漁牧,飼料,速食麵,非酒精飲料,乳製品,食品加工,穀類烘焙製品,飲料相關",台灣食品業龍頭廠之一,上市
1217,愛之味,食品,"非酒精飲料,乳製品,食品加工,罐頭業,飲料相關",以飲料、傳統類罐頭為主的食品商,上市
1218,泰山,食品,"非酒精飲料,大宗物資,油脂,飲料相關",台灣油脂、飲料大廠,上市
1219,福壽,食品,"農林漁牧,飼料,食品加工,大宗物資,油脂,寵物食品",台灣第二大麻油生產商及最大的寵物飼料廠,上市
1220,台榮,食品,"流通業,食品飲料相關通路,農林漁牧,飼料,製糖,食品加工,大宗物資,磨粉製品",台灣知名果糖大廠，並生產飼料及水產品,上市
1225,福懋油,食品,"農林漁牧,飼料,大宗物資,麵粉,油脂",台灣油脂、飼料大廠,上市
1227,佳格,食品,"乳製品,食品加工,大宗物資,油脂,保健食品,穀類烘焙製品",台灣最大穀物營養品與油品供應商,上市
1229,聯華,食品,"大宗物資,麵粉,系統整合,軟體業",聯華神通集團之創始公司，是台灣麵粉品牌龍頭企業,上市
1231,聯華食,食品,"食品加工,穀類烘焙製品,調理食品,餅乾製品",台灣休閒食品大廠，並供應7-11鮮食產品,上市
1232,大統益,食品,"食品加工,大宗物資,油脂,磨粉製品",台灣最大黃豆加工製造廠，是豆粉與油脂製造龍頭,上市
1233,天仁,食品,"食品加工,茶葉與咖啡相關,旅宿／餐飲,休閒食品零售",台灣知名茶葉廠商並轉投資喫茶趣,上市
1234,黑松,食品,"流通業,食品飲料相關通路,非酒精飲料,飲料相關,資產股",主要從事黑松品牌飲料製造及酒品代理,上市
1235,興泰,食品,"農林漁牧,飼料",生產畜產及水產類飼料之廠商,上市
1236,宏亞,食品,"食品加工,可可製品,餅乾製品",旗下七七巧克力與禮坊喜餅為知名品牌,上市
1256,鮮活果汁-KY,食品,"非酒精飲料,飲料相關",大陸新茶飲上游原料供應商,上市
1702,南僑,食品,"食品加工,大宗物資,油脂,麵製品相關,控股公司,資產股",台灣最大烘焙用油脂廠，轉投資餐飲事業眾多品牌,上市
1737,臺鹽,食品,"生物科技,食品生技,非酒精飲料,大宗物資,飲料相關,製鹽業,時尚產業,美妝保養品",台灣最大製鹽商，並跨足生技及水產品,上市
3054,立萬利,食品,"生物科技,食品生技,非揮發性記憶體,DRAM,IC製造",生技保健相關產品之銷售廠商,上市
7780,大研生醫,食品,"生物科技,食品生技",尚凡旗下子公司，以生產保健食品為主,上市
7791,皇家可口,食品,"乳製品,食品加工,麵製品相關",南僑旗下冰品大廠,上市
1301,台塑,塑膠,"合成樹脂,鹼業,化學工業,其他化工產品,PVC,PE,PP,石化業,EVA,AN,化纖原料",台灣最大塑化集團，亞洲最大PVC生產商,上市
1303,南亞,塑膠,"合成樹脂,丁二醇,化學工業,DOP,塑膠皮布,塑膠加工,PA,石化業,聚酯纖維,聚酯絲,聚酯棉,紡織用聚酯粒,瓶用聚酯粒,化纖原料,EG,玻纖布,印刷電路板,銅箔基板,銅箔,印刷電路板相關",全球最大的塑膠加工廠、第四大EG廠,上市
1304,台聚,塑膠,"PE,ABS,PS,石化業,EVA",台灣EVA、PE知名廠商,上市
1305,華夏,塑膠,"PVC,塑膠皮布,塑膠加工,石化業",台灣第二大PVC廠，轉投資台氯,上市
1307,三芳,塑膠,"塑膠皮布,石化業,傳產其他,鞋材",全球最大的合成皮生產商,上市
1308,亞聚,塑膠,"PE,石化業,EVA",台聚轉投資之EVA及LDPE知名廠商,上市
1309,台達化,塑膠,"ABS,PS,石化業",台灣第三大PS廠,上市
1310,台苯,塑膠,"SM,石化業",台灣第三大SM廠,上市
1312,國喬,塑膠,"SM,ABS,石化業",台灣第二大SM及ABS廠,上市
1313,聯成,塑膠,"PVC,DOP,PA,石化業",全球最大可塑劑及苯酐供應商,上市
1314,中石化,塑膠,"AN,尼龍粒,化纖原料,CPL,資產股",台灣第一大CPL廠,上市
1315,達新,塑膠,"塑膠加工,石化業,建材,複合板,成衣,成衣製造,資產股",台灣知名雨衣及成衣製造商,上市
1321,大洋,塑膠,"PVC,塑膠皮布,塑膠加工,石化業,資產股",台灣第三大PVC廠，並有資產開發題材,上市
1323,永裕,塑膠,"塑膠加工,石化業",台灣知名的塑膠瓶及軟管製造商,上市
1324,地球,塑膠,"膠帶,化學工業",台灣主要PVC膠帶供應商,上市
1325,恆大,塑膠,"不織布,紡織中游",台灣最大的紡結不織布生產廠,上市
1326,台化,塑膠,"二甲基甲醯胺(DMF),酚,化學工業,其他化工產品,芳香烴,SM,ABS,PS,PP,石化業,尼龍粒,尼龍加工絲,尼龍絲,化纖原料,PTA,粘膠",台灣最大的PTA廠,上市
1337,再生-KY,塑膠,"塑膠加工,石化業,EVA",大陸第一大EVA發泡材商,上市
1340,勝悅-KY,塑膠,"租賃,金融業,傳產其他,鞋材",第三方物流承租收入及旅館事業,上市
1341,富林-KY,塑膠,"塑膠皮布,石化業",越南第一大PVC人造皮革生產商,上市
4306,炎洲,塑膠,"膠帶,化學工業,塑膠加工,石化業",台灣膠帶龍頭公司,上市
1402,遠東新,紡織纖維,"家居用品,寢具,聚酯絲,聚酯加工絲,聚酯棉,紡織用聚酯粒,瓶用聚酯粒,化纖原料,PTA,成衣,成衣製造,成衣銷售/零售,織布業,棉紡業,紡織中游,控股公司,資產股",全球前五大聚酯製造商，集團轉投資橫跨領域廣,上市
1409,新纖,紡織纖維,"塑膠加工,石化業,聚酯絲,紡織用聚酯粒,化纖原料,資產股",新光集團旗下，台灣知名化纖廠,上市
1410,南染,紡織纖維,"資產股,IC封裝測試,地產,物業投資發展",轉型為不動產租賃業務,上市
1413,宏洲,紡織纖維,"聚酯絲,紡織用聚酯粒,化纖原料",宜進入主，聚酯粒、聚酯絲與加工絲一貫廠,上市
1414,東和,紡織纖維,"混紡紗,紡織中游,資產股,地產,物業投資發展",棉混紡紗大廠,上市
1417,嘉裕,紡織纖維,"成衣,成衣製造,成衣銷售/零售",裕隆集團旗下，台灣知名男性西服供應商,上市
1418,東華,紡織纖維,"亞克力棉,化纖原料",台灣老牌的亞克力棉製造商,上市
1419,新紡,紡織纖維,"成衣,成衣銷售/零售,織布業,紡織中游,資產股,地產,物業投資發展",新光集團旗下，平織布生產商，士林三寶之一,上市
1423,利華,紡織纖維,"毛紡,紡織中游,資產股",台灣第一大的專業毛條生產商,上市
1434,福懋,紡織纖維,"加油站,其他公用事業,尼龍製品,尼龍塔夫塔布,工業用布,紡織中游",台塑集團旗下，台灣知名輪胎簾布製造商,上市
1440,南紡,紡織纖維,"聚酯絲,聚酯棉,紡織用聚酯粒,瓶用聚酯粒,化纖原料,棉紡業,紡織中游,資產股",台灣最大的聚酯棉與紡紗廠，並經營夢時代購物中心,上市
1441,大東,紡織纖維,"織布業,棉紡業,紡織中游,資產股",台灣主要棉紡生產企業,上市
1444,力麗,紡織纖維,"聚酯加工絲,紡織用聚酯粒,瓶用聚酯粒,化纖原料",台灣聚酯加工絲龍頭廠,上市
1445,大宇,紡織纖維,"聚酯加工絲,化纖原料,織布業,紡織中游",台灣專業的織布廠,上市
1446,宏和,紡織纖維,"織布業,紡織中游,資產股,營建,地產",台灣知名的長短纖布廠,上市
1447,力鵬,紡織纖維,"尼龍粒,化纖原料,織布業,紡織中游",力麗集團旗下，台灣知名尼龍粒大廠,上市
1449,佳和,紡織纖維,"織布業,紡織中游,營建,地產",織布生產商，產品為先染及長纖織物,上市
1451,年興,紡織纖維,"成衣,成衣製造,織布業,紡織中游",全球最大的牛仔成衣廠,上市
1452,宏益,紡織纖維,"聚酯加工絲,化纖原料",台灣專業的加工絲一貫廠,上市
1454,台富,紡織纖維,"聚酯加工絲,化纖原料,織布業,紡織中游",台灣加工絲、織布一貫廠,上市
1455,集盛,紡織纖維,"尼龍粒,尼龍加工絲,尼龍絲,化纖原料",台灣前三大尼龍粒廠商及前四大聚酯加工絲廠,上市
1457,宜進,紡織纖維,"聚酯絲,聚酯加工絲,化纖原料,織布業,紡織中游,資產股",台灣前五大加工絲廠之一,上市
1459,聯發,紡織纖維,"聚酯加工絲,化纖原料",台灣十大聚酯加工絲廠之一,上市
1460,宏遠,紡織纖維,"織布業,紡織中游",遠東集團旗下，是一家長短織一貫布廠,上市
1463,強盛新,紡織纖維,"染整,紡織中游,營建,地產",台灣專業的染整廠之一,上市
1464,得力,紡織纖維,"織布業,紡織中游",台灣老牌織染一貫化布廠,上市
1465,偉全,紡織纖維,"織布業,紡織中游",台灣專業的長纖布廠,上市
1466,聚隆,紡織纖維,"聚酯加工絲,尼龍加工絲,尼龍絲,化纖原料,加工絲,紡織中游",台灣前二大的尼龍加工絲廠之一,上市
1467,南緯,紡織纖維,"成衣,成衣製造,織布業,紡織中游,資產股",為品牌大廠代工及與Wal-mart合作的成衣廠,上市
1468,昶和,紡織纖維,"織布業,純棉紗,紡織中游",尼龍長織布廠,上市
1470,大統新創,紡織纖維,"染整,織布業,紡織中游",台灣知名的染整廠，並跨足機能布,上市
1473,台南,紡織纖維,"成衣,成衣製造",台灣前三大成衣製造商，在大陸有Tony wear自有品牌,上市
1474,弘裕,紡織纖維,"織布業,工業用布,紡織中游",台灣最大的工業用布廠,上市
1475,業旺,紡織纖維,"染料，顏料,化學工業",台灣紡織助染劑廠,上市
1476,儒鴻,紡織纖維,"成衣,成衣製造,織布業,紡織中游",台灣最大針織布及前二大成衣代工廠,上市
1477,聚陽,紡織纖維,"成衣,成衣製造",全球前五大、台灣第一大成衣代工廠,上市
4414,如興,紡織纖維,"成衣,成衣製造",年興轉投資之國內知名成衣代工製造商之一,上市
4426,利勤,紡織纖維,"織布業,紡織中游,傳產其他,鞋材",3D立體織物之專業生產商,上市
4438,廣越,紡織纖維,"成衣,成衣製造,羽絨加工,紡織中游",為國際知名運動品牌之羽絨服製造商,上市
4439,冠星-KY,紡織纖維,"織布業,紡織中游",adidas運動服飾品牌最大的短纖布料供應商,上市
4440,宜新實業,紡織纖維,"加工絲,聚酯紗,紡織中游",國內市占第一的彈性包覆紗廠商,上市
4441,振大環球,紡織纖維,"成衣,成衣製造",主要為美系客戶代工生產成衣的廠商,上市
1503,士電,電機機械,"汽機車零組件,引擎相關,資產股,設備儀器商,電機,重電設備,電氣零件與設備,變電設備,電氣開關設備,電氣自控設備,車用充電相關,配電盤,電力設備",屬仰德集團，本業以電機相關產品為主，為士林三寶之一,上市
1504,東元,電機機械,"資產股,小家電,電冰箱,洗衣機,冷氣機,家電,液晶電視,電機,重電設備,配電工程,變頻器,自動化設備,機械,電力設備",多角化經營的台灣老牌家電廠,上市
1506,正道,電機機械,"汽機車零組件,車用鍛件,木床/車架,引擎相關,活塞,轉向系統,懸吊系統,車用金屬成型,家居用品,傢俱",台灣知名活塞與汽車鍛件製造商,上市
1513,中興電,電機機械,"其他公用事業,停車場,電機,重電設備,輸配電設備,電氣開關設備,電氣自控設備,配電工程,空調製冷,機械,電力設備",台灣知名重電及機電工程廠商,上市
1514,亞力,電機機械,"電機,電氣零件與設備,變電設備,配電工程,配電盤,電力設備",生產配電盤、電力變壓器為主的電機公司,上市
1515,力山,電機機械,"健身器材,運動產業,木工機械,手工具,機械",台灣知名健身器材代工廠,上市
1517,利奇,電機機械,"自行車零件,機械",台灣老牌自行車零件廠,上市
1519,華城,電機機械,"變電設備,配電盤,電力設備",生產電力變壓器為主之重電廠,上市
1526,日馳,電機機械,"自行車零件,機械",全球知名的自行車內、外變速器製造商,上市
1527,鑽全,電機機械,"手工具,自行車零件,機械",台灣最大的釘槍代工大廠,上市
1528,恩德,電機機械,"流通業,家居相關用品通路,雷射鑽孔機、鑽頭,印刷電路板相關,木工機械,機械",台灣生產PCB鑽孔機、成型機與木工機械廠商,上市
1529,樂事綠能,電機機械,"電力公共事業,配電工程,配電盤,電力設備",以重電事業及太陽能光電業務為主,上市
1530,亞崴,電機機械,"工具機,龍門機,機械",台灣知名CNC加工機及龍門機製造商,上市
1531,高林股,電機機械,"工業用縫紉機,機械",全球前三大工業用縫紉機商 自有品牌SiRUBA,上市
1532,勤美,電機機械,"汽機車零組件,車用鑄件,引擎相關,傳動系統,剎車系統,車用金屬成型,資產股,機械零組件,機械,營建,地產",事業涵蓋金屬成型、建設住宅、飯店、商場等領域,上市
1535,中宇,電機機械,"水資源,污水處理,配電工程,電力設備,其他營造工程,營造工程,工程顧問,環保工程",中鋼集團旗下，環保工程廠商,上市
1537,廣隆,電機機械,"工業用電池,電力設備",鉛酸蓄電池專業製造商,上市
1538,正峰,電機機械,"車燈,汽機車零組件,手工具,機械",以生產電動工具機、汽車燈具為主的廠商,上市
1539,巨庭,電機機械,"木工機械,機械",DIY鉋木機領導廠商,上市
1540,喬福,電機機械,"工具機,機械",台灣中大型工具機製造大廠，以客製化為主,上市
1541,錩泰,電機機械,"木工機械,機械",圓鋸機、線鋸機等桌上型木工機的代工廠商,上市
1558,伸興,電機機械,"傳產其他,金屬加工/製品,家用縫紉機,機械",全球最大家用縫紉機ODM廠,上市
1560,中砂,電機機械,"矽晶圓,IC製造,磨料磨具,機械",台灣從事砂輪及再生晶圓生產製造廠商,上市
1583,程泰,電機機械,"工具機,機械",台灣規模最大的專業CNC車床製造商,上市
1589,永冠-KY,電機機械,"機械零組件,機械",全球知名的金屬鑄件供應商,上市
1590,亞德客-KY,電機機械,"機械零組件,機械",大陸前三大氣動元件供應商之一,上市
1597,直得,電機機械,"軸承／滑軌,機械",全球知名的微型線性滑軌元件廠商,上市
2049,上銀,電機機械,"機器人,軸承／滑軌,機械",全球前三大滾珠螺桿廠商,上市
2371,大同,電機機械,"資產股,系統整合,電子元件代理商,電子通路,軟體業,小家電,冷氣機,家電,電線電纜,液晶電視,電機,重電設備,變電設備,電氣開關設備,電氣自控設備,車用充電相關,配電工程,配電盤,變頻器,電力設備",台灣重電及家電大廠，並擁有土地資產,上市
3167,大量,電機機械,"雷射鑽孔機、鑽頭,PCB相關設備,印刷電路板相關,設備儀器商",全球PCB成型機龍頭廠,上市
4526,東台,電機機械,"雷射鑽孔機、鑽頭,印刷電路板相關,工具機,機械",全球PCB鑽孔機的領導者,上市
4532,瑞智,電機機械,"壓縮機,機械",聲寶旗下，全球知名壓縮機廠,上市
4540,全球傳動,電機機械,"軸承／滑軌,機械",台灣知名的精密滾珠螺桿廠,上市
4552,力達-KY,電機機械,"壓縮機,機械",大陸通用型空氣壓縮機品牌領導廠商,上市
4555,氣立,電機機械,"機械零組件,機械",台灣氣壓自動化零組件廠商,上市
4560,強信-KY,電機機械,"工業用縫紉機,機械",全球工業縫紉機零配件大廠,上市
4562,穎漢,電機機械,"工具機,機器人,機械",全球第一大金屬彎管機製造商,上市
4564,元翎,電機機械,"汽車內裝,安全氣囊,傳產其他,金屬加工/製品",全球前二大迷你高壓氣體鋼瓶製造廠,上市
4566,時碩工業,電機機械,"汽機車零組件,傳產其他,金屬加工/製品",台灣精密金屬零件加工廠商,上市
4571,鈞興-KY,電機機械,"機械零組件,機械",專業生產客製化齒輪廠商,上市
4572,駐龍,電機機械,"航天軍工,航天機械零組件,飛機零件/製造,機械",飛機機身結構件研製及銷售商,上市
4576,大銀微系統,電機機械,"機械零組件,機械",全球最大之半導體奈米級精密定位系統製造商,上市
4583,台灣精銳,電機機械,"機械零組件,機械",高精密度之伺服用行星式齒輪減速機提供商,上市
5288,豐祥-KY,電機機械,"汽機車零組件,木床/車架,車用金屬成型,車用沖壓件,機車零組件",越南主要汽機車零件供應商，跨足醫療器材零件,上市
6606,建德工業,電機機械,"工具機,龍門機,機械",全球專業的磨床工具機廠商,上市
7750,新代,電機機械,"機械零組件,機械",生產工具機控制器為主的製造商,上市
8222,寶一,電機機械,"航天軍工,航天機械零組件,飛機零件/製造,機械",專注於航空發動機內的高溫段零組件製造商,上市
8374,羅昇,電機機械,"變頻器,機械零組件,自動化設備,機械,電力設備",自動化機電零組件代理暨技術服務商,上市
8996,高力,電機機械,"傳產其他,金屬加工/製品",台灣唯一製造硬銲型不銹鋼板式熱交換器廠,上市
1603,華電,電器電纜,"建材,金屬建材,電線電纜,電力電纜",台灣老牌電線電纜業者，並跨入鋁門窗生產,上市
1604,聲寶,電器電纜,"資產股,運輸事業,物流業,顯示器,小家電,電冰箱,冷氣機,家電,液晶電視",台灣知名家電品牌,上市
1605,華新,電器電纜,"電線電纜,電力電纜,不鏽鋼",大中華區電線電纜及不鏽鋼領導廠商,上市
1608,華榮,電器電纜,"電線電纜,裸銅線,電力電纜,非鐵金屬,銅",台灣超高壓電力電纜線路統包工程知名業者,上市
1609,大亞,電器電纜,"電線電纜,漆包線,裸銅線,電力電纜",國內電力電纜、漆包線知名廠商,上市
1611,中電,電器電纜,"LED,LED照明產品,照明,家電",以東亞照明品牌銷售燈具及LED照明產品,上市
1612,宏泰,電器電纜,"電線電纜,電力電纜",台灣電力電纜業者之一,上市
1614,三洋電,電器電纜,"資產股,小家電,電冰箱,洗衣機,冷氣機,家電,液晶電視",台灣知名家電品牌,上市
1615,大山,電器電纜,"電線電纜,電力電纜",台灣知名電力電纜公司,上市
1616,億泰,電器電纜,"電線電纜,電力電纜",國內電力電纜業者,上市
1617,榮星,電器電纜,"電線電纜,漆包線",專業漆包線及電子用線大廠,上市
1618,合機,電器電纜,"電線電纜,電力電纜",台灣主要電力電纜廠,上市
1626,艾美特-KY,電器電纜,"小家電,家電",大陸「艾美特AIRMATE」品牌小家電生產商,上市
4930,燦星網,電器電纜,"小家電,家電",由燦坤集團分割之小家電製造業,上市
5283,禾聯碩,電器電纜,"顯示器,LCD顯示器,冷氣機,家電",台灣智慧家電廠，經營HERAN品牌,上市
1708,東鹼,化工,"肥料,鹼業,化學產品通路,化學工業,散裝航運,運輸事業",台灣老牌硫酸鉀(SOP)肥料廠,上市
1709,和益,化工,"烷基苯,合成樹脂,酚,化學工業",台灣烷化品大廠、且為唯一氫化石油樹脂商,上市
1710,東聯,化工,"化學工業,其他化工產品,化纖原料,EG",遠東集團旗下，EG大廠,上市
1711,永光,化工,"染料，顏料,化學工業,其他化工產品,光阻劑,半導體化學品",全球前五大、亞洲最大染料廠,上市
1712,興農,化工,"農藥,化學工業,流通業,連鎖超市",台灣農藥市場龍頭公司,上市
1713,國化,化工,"保險粉,化學工業,其他化工產品",保險粉生產商，在高雄擁有資產土地,上市
1714,和桐,化工,"烷基苯,正烷屬烴,化學工業,其他化工產品",亞洲最大正烷屬烴供應商,上市
1717,長興,化工,"合成樹脂,化學工業,半導體化學品",全球最大乾膜光阻劑廠商之一、前三大UV光固化樹脂廠,上市
1718,中纖,化工,"化學工業,其他化工產品,聚酯絲,聚酯加工絲,化纖原料,EG",台灣化纖及EG重要供應商,上市
1721,三晃,化工,"PU樹脂,化學工業,其他化工產品",油墨、表面處理劑、PU樹脂生產企業,上市
1722,台肥,化工,"肥料,化學工業,其他化工產品,資產股,營建,地產",台灣最大肥料及化學廠商,上市
1723,中碳,化工,"煤化工,化學工業",中鋼集團旗下，台灣唯一煤化工製造商,上市
1725,元禎,化工,"化學產品通路,化學工業,石油及天然氣,油品儲運/分銷",石化原料之專業代理商,上市
1726,永記,化工,"化學工業,塗料",台灣最大油漆廠，主要生產防火漆,上市
1727,中華化,化工,"染料，顏料,強酸產品,化學工業,其他化工產品,半導體化學品",台灣主要生產硫酸產品之廠商,上市
1730,花仙子,化工,"衛生清潔用品,化學工業",台灣最大家庭日用品廠商,上市
1732,毛寶,化工,"衛生清潔用品,化學工業",台灣主要清潔用品大廠,上市
1735,日勝化,化工,"PU樹脂,化學工業,其他化工產品",專業合成皮用PU樹脂製造商,上市
1773,勝一,化工,"溶劑,化學產品通路,化學工業,其他化工產品",台灣第2大溶劑廠商,上市
1776,展宇,化工,"PU樹脂,化學工業,其他化工產品",台灣PU樹脂及硬化劑大廠,上市
4720,德淵,化工,"熱熔膠,化學工業",台灣最大熱熔膠供應商,上市
4722,國精化,化工,"合成樹脂,化學工業",台灣不飽和聚酯樹脂大廠,上市
4739,康普,化工,"電池材料相關,強酸產品,正極材料,化學工業,其他化工產品",台灣特用化學材、電池材料、PTA氧化觸媒大廠,上市
4755,三福化,化工,"化學工業,其他化工產品,研磨液／墊,半導體化學品",台灣半導體特用化學大廠,上市
4763,材料*-KY,化工,"化纖原料,半合成纖維",全球第五大醋酸纖維絲束大廠,上市
4764,雙鍵,化工,"合成樹脂,化學工業,其他化工產品",全球前三大光固化起始劑生產商,上市
4766,南寶,化工,"合成樹脂,熱熔膠,化學工業,其他化工產品,塗料",台灣接著劑材料大廠,上市
4770,上品,化工,"合成樹脂,化學工業,傳產其他,金屬加工/製品",全球氟素樹脂加工應用廠商,上市
1707,葡萄王,生技醫療,"生物科技,食品生技,食品加工,保健食品",台灣保健食品製造領導廠商,上市
1720,生達,生技醫療,"醫藥產業,生物科技,西藥製劑,學名藥,食品生技",台灣前三大學名藥廠,上市
1731,美吾華,生技醫療,"衛生清潔用品,化學工業,醫藥產業,醫藥流通",藥品代理並生產自有品牌染髮劑及沐浴用品,上市
1733,五鼎,生技醫療,"血糖儀,體外診斷用醫材,檢驗試劑／紙",台灣血糖測試儀製造的龍頭企業,上市
1734,杏輝,生技醫療,"醫藥產業,生物科技,西藥製劑,學名藥,食品生技,時尚產業,美妝保養品",台灣老牌學名藥製造商，並跨足保健食品及中草藥原料開發,上市
1752,南光,生技醫療,"醫藥產業,西藥製劑,學名藥",台灣最大針劑製藥廠,上市
1760,寶齡富錦,生技醫療,"醫藥產業,生物科技,西藥製劑,新藥研發,學名藥,專利藥,食品生技,體外診斷用醫材,檢驗試劑／紙,時尚產業,美妝保養品",台灣老牌學名藥廠，經營西藥與醫美保健事業,上市
1762,中化生,生技醫療,"醫藥產業,原料藥",中化旗下原料藥製造商，MMF與MCB在美國為龍頭地位,上市
1783,和康生,生技醫療,"醫用植入材料,輔助與彌補用醫材,時尚產業,美妝保養品",專注膠原蛋白之高階醫材及醫美保養產品,上市
1786,科妍,生技醫療,"醫用植入材料,輔助與彌補用醫材,時尚產業,美妝保養品",台灣首家醫療級玻尿酸醫材廠,上市
1789,神隆,生技醫療,"醫藥產業,西藥製劑,原料藥",全球最大原料藥代工廠，台灣原料藥龍頭,上市
1795,美時,生技醫療,"醫藥產業,西藥製劑,學名藥",台灣老牌學名藥廠，從事困難學名藥與癌症學名藥之製造,上市
3164,景岳,生技醫療,"衛生清潔用品,化學工業,生物科技,食品生技",亞洲第一家益生菌原料藥GMP廠,上市
3705,永信,生技醫療,"醫藥產業,生物科技,西藥製劑,學名藥,動物用藥,食品生技,控股公司",台灣人用學名藥與動物用藥之龍頭企業,上市
3716,中化控股,生技醫療,"醫藥產業,西藥製劑,學名藥,醫療器材通路",台灣前三大學名藥廠,上市
4104,佳醫,生技醫療,"醫藥產業,醫療器材通路,醫療服務,醫療耗材,洗腎器具,醫藥流通,手術與治療用醫材,其他醫療器材,醫療管理服務",台灣最大洗腎相關儀器及耗材代理商,上市
4106,雃博,生技醫療,"福祉輔助設備,手術與治療用醫材,物理治療器具,呼吸與麻醉用器具,輔助與彌補用醫材",亞洲最大防褥瘡氣墊床廠,上市
4108,懷特,生技醫療,"醫藥產業,生物科技,中藥製劑,新藥研發,植物新藥,食品生技",美吾華旗下植物新藥研發公司,上市
4119,旭富,生技醫療,"醫藥產業,原料藥",全球最大之丙戊酸一系列癲癇藥物生產者,上市
4133,亞諾法,生技醫療,"醫藥產業,生物製劑,體外診斷用醫材,檢驗試劑／紙",全球抗體與重組蛋白製造龍頭,上市
4137,麗豐-KY,生技醫療,"時尚產業,美妝保養品,美容",克麗緹娜品牌之美容護膚產品通路商,上市
4142,國光生,生技醫療,"醫藥產業,生物製劑",台灣流感疫苗龍頭企業,上市
4148,全宇生技-KY,生技醫療,"肥料,化學工業,生物科技,農業生技",馬來西亞生化複合肥料龍頭廠商,上市
4155,訊映,生技醫療,"血糖儀,體外診斷用醫材",血糖儀、血糖試片、居家醫療器材廠商,上市
4164,承業醫,生技醫療,"醫藥產業,醫療器材通路,醫療服務,醫藥流通,醫療管理服務",台灣最大腫瘤醫學設備代理商,上市
4190,佐登-KY,生技醫療,"時尚產業,美妝保養品,美容",專注研發生產、銷售保養品及課程服務領域,上市
4736,泰博,生技醫療,"血糖儀,體溫計,體外診斷用醫材,檢驗試劑／紙,診斷與監測用醫材,生理監測裝置",亞洲唯一擁有HCT(血球容積)變化檢測技術的廠商,上市
4737,華廣,生技醫療,"血糖儀,體外診斷用醫材",以Bionime為自有品牌生產居家醫療用血糖機及測試片廠商,上市
4746,台耀,生技醫療,"醫藥產業,原料藥",全球維他命D衍生物製造大廠,上市
4771,望隼,生技醫療,"隱形眼鏡,輔助與彌補用醫材",長華轉投資隱形眼鏡ODM廠,上市
6431,光麗-KY,生技醫療,"時尚產業,美妝保養品",美妝保養品代工廠商,上市
6446,藥華藥,生技醫療,"醫藥產業,新藥研發,生物製劑",罕見真性紅血球增生症藥物研發廠商,上市
6472,保瑞,生技醫療,"醫藥產業,西藥製劑,醫藥研發外包服務,學名藥,醫藥流通",台灣最大CDMO代工廠，且為利基學名藥研發公司,上市
6491,晶碩,生技醫療,"隱形眼鏡,輔助與彌補用醫材",和碩轉投資之隱形眼鏡公司,上市
6541,泰福-KY,生技醫療,"醫藥產業,新藥研發,生物製劑",免疫、癌症等領域生物相似藥及新藥研發,上市
6550,北極星藥業-KY,生技醫療,"醫藥產業,新藥研發,生物製劑,醫藥研發外包服務",聚焦標靶抗癌新藥研發,上市
6589,台康生技,生技醫療,"醫藥產業,醫藥研發外包服務",台灣生技藥品委託開發生產服務廠商,上市
6598,ABC-KY,生技醫療,"體外診斷用醫材,檢驗試劑／紙,IVD檢驗儀器設備",創新數位生物條碼技術大廠,上市
6657,華安,生技醫療,"醫藥產業,新藥研發,生命科學工具,體外診斷用醫材,檢驗試劑／紙,診斷與監測用醫材",小分子新藥研發廠,上市
6666,羅麗芬-KY,生技醫療,"時尚產業,美妝保養品,美容",銷售以面部類為主的大陸美妝品牌公司,上市
6782,視陽,生技醫療,"隱形眼鏡,輔助與彌補用醫材",明基材轉投資，為亞洲矽水膠隱形眼鏡代工龍頭,上市
6794,向榮生技,生技醫療,"醫藥產業,新藥研發,生物製劑,醫藥研發外包服務",異體脂肪幹細胞新藥研發廠,上市
6796,晉弘,生技醫療,"診斷與監測用醫材,醫學影像裝置",醫療影像診斷系統解決方案供應商,上市
6838,台新藥,生技醫療,"醫藥產業,新藥研發,學名藥,專利藥",台耀旗下眼科、腫瘤和抗感染藥研發廠,上市
6861,睿生光電,生技醫療,設備儀器商,經營X光平板感測器產品,上市
6885,全福生技,生技醫療,"醫藥產業,新藥研發",眼科疾病治療藥物研發廠,上市
6918,愛派司,生技醫療,"醫療器材通路,輔助與彌補用醫材,骨科類器材",專注於亞洲專有骨板骨釘系統研發製造商,上市
6919,康霈*,生技醫療,"醫藥產業,生物科技,新藥研發,食品生技",專注醫美與慢性發炎疾病新藥開發公司,上市
6931,青松健康,生技醫療,"醫療服務,醫療管理服務",台灣中部地區頗具規模之連鎖照顧服務機構,上市
6936,永鴻生技,生技醫療,"醫藥產業,生物科技,農業生技,動物用藥",永信轉投資，為台灣動保藥廠領導品牌之一,上市
7799,禾榮科,生技醫療,"手術與治療用醫材,放射治療設備",台灣首家硼中子捕獲治療系統(AB-BNCT)供應商,上市
1802,台玻,玻璃陶瓷,"建材,玻璃,玻纖布,印刷電路板相關",台灣第一大玻璃生產商,上市
1806,冠軍,玻璃陶瓷,"建材,陶瓷",台灣最大磁磚廠商,上市
1809,中釉,玻璃陶瓷,"建材,釉料",亞洲最大色釉料廠,上市
1810,和成,玻璃陶瓷,"家居用品,衛浴設備,水龍頭",台灣衛浴設備龍頭廠,上市
1817,凱撒衛,玻璃陶瓷,"家居用品,衛浴設備,水龍頭",在越南生產回銷台灣之國內第3大衛浴設備大廠,上市
1903,士紙,造紙,"家庭用紙,造紙業,資產股,地產,物業投資發展,旅宿／餐飲,飯店",從事濕紙巾、嬰幼兒洗沐與防疫用品、保養品業務,上市
1904,正隆,造紙,"工業用紙,文化用紙,家庭用紙,造紙業",台灣最大工業用紙生產商,上市
1905,華紙,造紙,"紙漿,文化用紙,特殊用紙,造紙業",紙漿及文化用紙一貫廠，亦為永豐餘子公司,上市
1906,寶隆,造紙,"工業用紙,造紙業",榮成轉投資之工業用紙代銷商,上市
1907,永豐餘,造紙,"衛生清潔用品,化學工業,控股公司,紙漿,工業用紙,文化用紙,家庭用紙,造紙業",台灣第一大造紙集團,上市
1909,榮成,造紙,"工業用紙,造紙業",國內前三大工業用紙生產商,上市
6790,永豐實,造紙,"家庭用紙,造紙業",台灣家庭用紙龍頭製造商，為永豐餘旗下子公司,上市
2002,中鋼,鋼鐵,"鋼胚,熱軋鋼捲,線材盤元,條鋼,冷軋鋼捲,鍍鋅鋼捲,棒鋼,鋼板,塗鍍鋼捲,板鋼",台灣最大設有高爐的一貫作業鋼廠,上市
2006,東和鋼鐵,鋼鐵,"鋼筋,條鋼,型鋼,鋼構",台灣最大型鋼廠及三大鋼筋廠之一,上市
2007,燁興,鋼鐵,"線材盤元,不鏽鋼,不鏽鋼線材",台灣不鏽鋼線材盤元大廠之一,上市
2008,高興昌,鋼鐵,"條鋼,鋼管",台灣製管專業製造廠商,上市
2009,第一銅,鋼鐵,"非鐵金屬,銅",台灣銅產品線最完整的企業,上市
2010,春源,鋼鐵,"條鋼,鋼構,鋼剪裁加工,板鋼",台灣最具規模鋼鐵裁剪及通路業者,上市
2012,春雨,鋼鐵,"螺絲螺帽,線材盤元",主要外銷歐美及東南亞的線材螺絲廠,上市
2013,中鋼構,鋼鐵,"條鋼,鋼構",台灣鋼結構大廠,上市
2014,中鴻,鋼鐵,"熱軋鋼捲,冷軋鋼捲,板鋼",中鋼集團旗下，熱軋產品大廠,上市
2015,豐興,鋼鐵,"鋼筋,條鋼,型鋼,棒鋼",台灣三大鋼筋廠之一,上市
2017,官田鋼,鋼鐵,"螺絲螺帽,線材盤元,旅宿／餐飲,飯店",台灣盤元及鐵絲大廠,上市
2020,美亞,鋼鐵,"條鋼,鋼管,不鏽鋼,不鏽鋼剪裁加工,鋼剪裁加工,板鋼",台灣第一家鋼管專業製造廠,上市
2022,聚亨,鋼鐵,"螺絲螺帽,線材盤元",以泰國為生產基地的線材盤元大廠,上市
2023,燁輝,鋼鐵,"鍍鋅鋼捲,烤漆鋼捲,板鋼",全球最大鍍面鋼廠,上市
2024,志聯,鋼鐵,"線材盤元,條鋼,棒鋼",主要從事鋼棒及鋼線生產之廠商,上市
2025,千興,鋼鐵,"不鏽鋼,冷軋不鏽鋼",台灣不鏽鋼板冷軋廠,上市
2027,大成鋼,鋼鐵,"螺絲螺帽,線材盤元,不鏽鋼,不鏽鋼品,不鏽鋼管,非鐵金屬,鋁",美國最大不鏽鋼產品通路商及最大鋁捲板廠,上市
2028,威致,鋼鐵,"鋼筋,條鋼",台灣三大電爐廠之一，主要銷售鋼筋及鋼胚,上市
2029,盛餘,鋼鐵,"鍍鋅鋼捲,烤漆鋼捲,板鋼",台灣鍍面一貫化處理鋼捲製造商,上市
2030,彰源,鋼鐵,"不鏽鋼,不鏽鋼剪裁加工,不鏽鋼管",台灣不鏽鋼管、不鏽鋼板製造大廠,上市
2031,新光鋼,鋼鐵,"鋼剪裁加工,板鋼",台灣鋼剪裁大廠，以內銷為主,上市
2032,新鋼,鋼鐵,"不鏽鋼,不鏽鋼剪裁加工",以內銷為主的不鏽鋼裁剪加工廠,上市
2033,佳大,鋼鐵,線材盤元,致力於鋼線鋼纜產品業務,上市
2034,允強,鋼鐵,"不鏽鋼,不鏽鋼剪裁加工,不鏽鋼管",全球前五大不鏽鋼管製造商及不鏽鋼加工廠,上市
2038,海光,鋼鐵,"鋼筋,條鋼",台灣鋼筋大廠之一,上市
2069,運錩,鋼鐵,"不鏽鋼,不鏽鋼剪裁加工",台灣不鏽鋼材料加工製造廠,上市
2211,長榮鋼,鋼鐵,"傳產其他,回收、焚化相關,條鋼,鋼構",長榮集團旗下之鋼結構製造廠,上市
3004,豐達科,鋼鐵,"航天軍工,螺絲螺帽,線材盤元",亞洲唯一合格航太扣件供應商,上市
5007,三星,鋼鐵,"螺絲螺帽,線材盤元",全球最大鋼鐵螺帽製造商,上市
5538,東明-KY,鋼鐵,"不鏽鋼,不鏽鋼緊固件,不鏽鋼線材",大陸不鏽鋼緊固件龍頭大廠,上市
9958,世紀鋼,鋼鐵,"條鋼,鋼構",台灣鋼構大廠,上市
2101,南港,橡膠,"輪胎,橡膠工業,資產股,營建,地產",台灣擁有土地資產的老牌輪胎廠,上市
2102,泰豐,橡膠,"輪胎,橡膠工業,資產股",台灣輪胎製造商,上市
2103,台橡,橡膠,"合成橡膠,熱可塑橡膠,橡膠工業",全球前七大橡膠生產製造商,上市
2104,國際中橡,橡膠,"碳煙,橡膠工業",全球市佔率前五大的碳煙公司,上市
2105,正新,橡膠,"輪胎,橡膠製品,橡膠工業",台灣最大、全球前十大輪胎製造商,上市
2106,建大,橡膠,"輪胎,橡膠製品,橡膠工業",台灣第二大輪胎廠,上市
2107,厚生,橡膠,"橡膠製品,橡膠工業,塑膠皮布,石化業,資產股,倉儲/貨櫃場,運輸事業,營建,地產",主要從事營建與倉儲業務，也從事於橡膠與塑膠皮加工,上市
2108,南帝,橡膠,"乳膠相關,橡膠工業",全球前五大NBR乳膠廠,上市
2109,華豐,橡膠,"輪胎,橡膠製品,橡膠工業",台灣前六大輪胎廠,上市
2114,鑫永銓,橡膠,"橡膠製品,橡膠工業",台灣最大、全球前十大橡膠輸送帶商,上市
6582,申豐,橡膠,"乳膠相關,橡膠工業",永豐餘旗下合成乳膠廠，全球前7大NBR乳膠廠,上市
1319,東陽,汽車,"汽車保險桿,汽機車零組件,汽車鈑金,車用冷卻系統",全球第一大汽車AM塑膠件製造商,上市
1338,廣華-KY,汽車,汽車內裝,汽車OEM塑膠內飾件大廠，供應以大陸市場為主,上市
1339,昭輝,汽車,"塑膠加工,石化業,汽車保險桿,汽機車零組件",台灣第二大汽車AM塑膠件製造商,上市
1512,瑞利,汽車,"汽機車零組件,汽車鈑金,運動產業,運動用品",主要經營體育用品零售店及汽車鈑金業務,上市
1521,大億,汽車,"車燈,汽機車零組件",台灣最大OEM車燈製造商,上市
1522,堤維西,汽車,"車燈,汽機車零組件",台灣前二大AM車燈製造商之一,上市
1524,耿鼎,汽車,"汽機車零組件,汽車鈑金",為汽車AM鈑金件製造商,上市
1525,江申,汽車,"汽機車零組件,木床/車架,汽車鈑金,懸吊系統,模具,機械",台灣最大商用車車架及木床製造商,上市
1533,車王電,汽車,"車輛整車,客貨車輛相關,車用電子,胎壓監測系統,行車紀錄器,倒車影像系統,手工具,機械",主攻AM車用電子零組件之大廠,上市
1536,和大,汽車,"汽機車零組件,傳動系統,機車零組件,機械零組件,機械",台灣最大、全球前十大車廠之傳動零組件供應商,上市
1563,巧新,汽車,"汽機車零組件,輪圈",全球第二大鍛造輪圈廠,上市
1568,倉佑,汽車,"汽機車零組件,傳動系統",汽車自動變速箱零組件製造商,上市
1587,吉茂,汽車,"汽機車零組件,車用冷卻系統",台灣最大汽車水箱製造廠,上市
2115,六暉-KY,汽車,"汽機車零組件,輪圈",全球最大氣門嘴製造商,上市
2201,裕隆,汽車,"汽車製造,汽車銷售,汽機車零組件,車輛整車,資產股",與日本日產技術合作之汽車製造商，並推出納智捷自有品牌,上市
2204,中華,汽車,"汽車製造,電動機車,汽車銷售,汽機車零組件,機車零組件,車輛整車,客貨車輛相關",裕隆集團與日本三菱技術合作之汽車製造廠,上市
2206,三陽工業,汽車,"汽車製造,電動機車,汽車銷售,機車,車輛整車,資產股",現代汽車台灣代理商及台灣知名機車製造商,上市
2207,和泰車,汽車,"汽車銷售,汽車服務相關,汽機車零組件,車輛整車",TOYOTA台灣獨家代理商,上市
2227,裕日車,汽車,"汽車銷售,汽機車零組件,車輛整車",裕隆集團為NISSAN在台灣地區研發及銷售成立之公司,上市
2228,劍麟,汽車,"汽機車零組件,汽車內裝,安全氣囊,傳產其他",為汽車安全氣囊零組件製造商,上市
2231,為升,汽車,"車用電子,胎壓監測系統,倒車雷達",主要經營電裝品、TPMS及毫米波雷達銷售,上市
2233,宇隆,汽車,"汽機車零組件,傳產其他,金屬加工/製品,自行車零件,機械",汽車噴油嘴零件大廠,上市
2236,百達-KY,汽車,汽機車零組件,全球唯二汽車零組件一條龍之新加坡商,上市
2239,英利-KY,汽車,"汽機車零組件,車用金屬成型,車用沖壓件,模具,機械",台商企業，為大陸整車廠提供汽車結構件,上市
2241,艾姆勒,汽車,汽機車零組件,主要生產電動車及油電混合車的逆變器散熱產品,上市
2243,宏旭-KY,汽車,汽機車零組件,大陸台資第一大、行業前五大的車身模具廠,上市
2247,汎德永業,汽車,"汽車銷售,車輛整車",豪華進口車代理商,上市
2248,華勝-KY,汽車,汽車內裝,LED汽車門檻踏板供應商,上市
2250,IKKA-KY,汽車,"汽機車零組件,家電零組件,家電",能率集團旗下，日本車用沖壓件OEM廠商,上市
2497,怡利電,汽車,"車用電子,胎壓監測系統,車載影音系統,行車紀錄器,抬頭顯示器(HUD)",國內車載影音主機大廠,上市
3346,麗清,汽車,"LED,LED封裝",LED車燈模組製造廠,上市
3717,聯嘉投控,汽車,"LED,LED封裝",車用LED模組及元件廠,上市
4551,智伸科,汽車,"汽機車零組件,傳產其他,金屬加工/製品,自行車零件,機械",汽車動力及安全零組件大廠商,上市
4557,永新-KY,汽車,"汽機車零組件,剎車系統",北美最大AM汽車剎車總分泵之零件供應商,上市
4569,六方科-KY,汽車,"汽機車零組件,傳產其他,金屬加工/製品",泰國精密金屬零組件加工生產商,上市
4581,光隆精密-KY,汽車,"汽機車零組件,車用鑄件,引擎相關,傳動系統,剎車系統,車用金屬成型,車用排氣系統",台灣商用車零組件鑄件公司,上市
6605,帝寶,汽車,"車燈,汽機車零組件",全球AM車燈龍頭企業,上市
7732,金興精密,汽車,"汽機車零組件,車用冷卻系統",台灣車用散熱風扇、馬達、鼓風機製造商,上市
7736,虎山,汽車,"汽機車零組件,車用電子",全球AM車門把手產銷龍頭,上市
2302,麗正,半導體,"分離式元件,二極體,電晶體",台灣整流二極體廠商,上市
2303,聯電,半導體,"晶圓代工,IC製造",全球前十大晶圓代工廠之一,上市
2329,華泰,半導體,"IC封裝,IC測試,IC封裝測試,電子製造服務,電腦系統業",半導體封測及EMS廠,上市
2330,台積電,半導體,"IC生產,晶圓代工,IC製造",全球第一大晶圓代工廠,上市
2337,旺宏,半導體,"非揮發性記憶體,IC生產,IC製造",全球非揮發性記憶體整合元件領導廠,上市
2338,光罩,半導體,"光罩,IC製造",台灣專業光罩廠商,上市
2340,台亞,半導體,"LED,LED晶粒,LED照明產品,分離式元件,二極體,電晶體",日亞化轉投資感測元件與LED發光元件公司,上市
2342,茂矽,半導體,"晶圓代工,IC製造",功率元件及電源管理IC之晶圓代工廠,上市
2344,華邦電,半導體,"非揮發性記憶體,DRAM,IC生產,IC製造",專注於利基型DRAM與NOR Flash市場,上市
2351,順德,半導體,"傳產其他,文具,導線架,封測服務與材料",全球導線架前五大供應商之一,上市
2363,矽統,半導體,"繪圖IC,IC設計,觸控IC,MEMS",轉型為觸控IC設計廠商,上市
2369,菱生,半導體,"IC封裝,IC測試,IC封裝測試",台灣專注於類比IC的小型封裝廠,上市
2379,瑞昱,半導體,"網路卡IC,集線器IC,無線網路IC,IC設計,網路通訊IC,LCD控制IC,PC週邊IC,影音IC,安全監控IC,數位電視IC",全球超高速乙太網路IC設計龍頭廠商,上市
2388,威盛,半導體,"車用電子,CPU,其他IC,IC設計,晶片組,嵌入式晶片,高速傳輸介面IC,顯示器,數位看板",支援x86平台之IC解決方案廠商,上市
2401,凌陽,半導體,"DSP,IC設計,消費性IC,光碟機驅動IC,設計IP,影音IC",台灣多媒體IC設計廠商,上市
2408,南亞科,半導體,"DRAM,IC生產,IC製造",台塑集團旗下DRAM大廠,上市
2434,統懋,半導體,"分離式元件,二極體,電晶體",台灣上下游垂直整合之二極體廠,上市
2436,偉詮電,半導體,"馬達IC,類比IC,IC設計,消費性IC,PC週邊IC,MCU,LED驅動IC,IC零組件通路商,電子通路",台灣類比IC暨消費性IC設計廠商,上市
2441,超豐,半導體,"IC封裝,IC測試,IC封裝測試",力成轉投資之消費性IC後段封測廠,上市
2449,京元電子,半導體,"IC封裝,IC測試,IC封裝測試",全球IC測試領域龍頭公司,上市
2451,創見,半導體,"電子零件元件,DRAM模組,Flash模組",「Transcend」品牌之記憶體模組廠,上市
2454,聯發科,半導體,"DSL晶片組,無線網路IC,衛星導航晶片組,數據機晶片組,CPU,IC設計,網路通訊IC,消費性IC,光碟機驅動IC,LCD控制IC,影音IC,數位電視IC,手機晶片相關,手機零組件",全球智慧型手機晶片大廠,上市
2458,義隆,半導體,"IC設計,消費性IC,PC週邊IC,MCU,生物辨識IC,觸控IC",全球NB觸控板模組與觸控IC龍頭,上市
2481,強茂,半導體,"分離式元件,二極體,電晶體",台灣最大二極體廠,上市
3006,晶豪科,半導體,"DRAM記憶體IC,FLASH記憶體IC,類比IC,IC設計",台灣利基型記憶體IC設計廠商,上市
3014,聯陽,半導體,"IO控制IC,IC設計,消費性IC,PC週邊IC,影音IC,高速傳輸介面IC,安全監控IC,數位電視IC,觸控IC",全球輸出入(I/O)控制IC領導廠商,上市
3016,嘉晶,半導體,"磊晶,矽晶圓,IC製造",台灣專業磊晶矽晶圓業者,上市
3034,聯詠,半導體,"IC設計,LCD驅動IC,LCD控制IC,影音IC,CMOS晶片,安全監控IC,手機面板驅動IC,數位電視IC,觸控IC,手機零組件",全球面板驅動IC設計龍頭廠,上市
3035,智原,半導體,"IC設計,設計IP,ASIC",聯電體系的ASIC及設計IP廠,上市
3041,揚智,半導體,"機上盒晶片,IC設計,消費性IC,影音IC",專注於數位機上盒系統單晶片開發的領導廠商,上市
3094,聯傑,半導體,"IC設計,網路通訊IC",聯電旗下嵌入式乙太網路IC設計廠商,上市
3135,凌航,半導體,"電子零件元件,DRAM模組,Flash模組",DRAM記憶體模組及快閃記憶體模組生產商,上市
3189,景碩,半導體,"隱形眼鏡,輔助與彌補用醫材,IC基板,封測服務與材料",全球ABF載板的主要供應商,上市
3257,虹冠電,半導體,"類比IC,IC設計,分離式元件,二極體,電晶體",台灣AC-DC類比電源管理IC供應商,上市
3413,京鼎,半導體,"半導體製程設備,設備儀器商",鴻海集團旗下，美商應材的相關供應商,上市
3443,創意,半導體,"IC設計,設計IP,ASIC",台積電轉投資之設計IP與客製化ASIC廠,上市
3450,聯鈞,半導體,"IC封裝,IC測試,IC封裝測試",全球前三大雷射二極體封測代工廠,上市
3530,晶相光,半導體,"IC設計,CMOS晶片",力晶與OmniVision合資之CMOS晶片廠,上市
3532,台勝科,半導體,"矽晶圓,IC製造",台塑與Sumco合資成立的矽晶圓製造商,上市
3545,敦泰,半導體,"IC設計,LCD驅動IC,生物辨識IC,手機面板驅動IC,觸控IC,手機零組件",台灣中小尺寸LCD驅動IC廠,上市
3583,辛耘,半導體,"矽晶圓,半導體製程設備,設備儀器商,IC製造",再生晶圓暨半導體設備廠,上市
3588,通嘉,半導體,"類比IC,IC設計,LED驅動IC",台灣少數跨AC/DC及DC/DC的電源管理IC設計廠商,上市
3592,瑞鼎,半導體,"IC設計,LCD驅動IC,手機面板驅動IC,手機零組件",友達集團旗下驅動IC設計公司,上市
3661,世芯-KY,半導體,"IC設計,設計IP,ASIC",全球ASIC及設計IP業者,上市
3686,達能,半導體,"IC零組件通路商,電子通路,太陽能,太陽能系統運用",轉型發展太陽能EPC業務、記憶體通路,上市
3711,日月光投控,半導體,"IC封裝,IC測試,IC封裝測試,電子製造服務,電腦系統業",日月光及矽品規劃籌組新投資控股公司,上市
4919,新唐,半導體,"IC生產,晶圓代工,類比IC,IO控制IC,IC設計,消費性IC,PC週邊IC,MCU,影音IC,CMOS晶片,IC製造",華邦旗下整合元件製造(IDM)廠，提供IC設計與製造服務,上市
4952,凌通,半導體,"車用電子,無線充電,電子零件元件,IC設計,消費性IC,LCD控制IC,MCU,影音IC",凌陽轉投資的消費性IC廠,上市
4961,天鈺,半導體,"類比IC,IC設計,LCD驅動IC,手機面板驅動IC,手機零組件",鴻海旗下顯示器驅動IC設計廠,上市
4967,十銓,半導體,"電子零件元件,DRAM模組,Flash模組",全球知名DRAM模組廠,上市
4968,立積,半導體,"功率放大器,射頻前端晶片,射頻開關,射頻前端模組",台灣採用矽及砷化鎵技術的RF射頻前端IC廠,上市
5222,全訊,半導體,"砷化鎵相關,功率放大器,IC製造,射頻前端晶片",功率放大器及低雜訊放大器微波元件製造商,上市
5269,祥碩,半導體,"IC設計,USB,高速傳輸介面IC,傳輸介面",華碩旗下高速傳輸介面之控制IC設計廠,上市
5285,界霖,半導體,"導線架,封測服務與材料",台灣功率單體及光電導線架供應商,上市
5471,松翰,半導體,"DSP,IC設計,消費性IC,MCU,影音IC",為語音及多媒體IC設計專業廠商,上市
6202,盛群,半導體,"IC設計,消費性IC,PC週邊IC,MCU,生物辨識IC,安全監控IC",全球MCU大廠,上市
6239,力成,半導體,"IC封裝,IC測試,IC封裝測試",全球前五大封測廠,上市
6243,迅杰,半導體,"IC設計,PC週邊IC,MCU,觸控IC",全球第二大鍵盤控制IC設計供應商,上市
6257,矽格,半導體,"IC封裝,IC測試,IC封裝測試",RF及混合IC專業測試廠商,上市
6271,同欣電,半導體,"LED,LED散熱基板,IC封裝測試,IC基板,封測服務與材料",台灣陶瓷基板製造龍頭,上市
6415,矽力*-KY,半導體,"類比IC,IC設計,LED驅動IC",大陸電源管理晶片大廠,上市
6451,訊芯-KY,半導體,"IC封裝,IC測試,IC封裝測試",鴻海集團轉投資系統模組封裝廠,上市
6515,穎崴,半導體,"探針、探針卡,封測服務與材料",台灣晶圓檢測測試治具和探針卡廠,上市
6525,捷敏-KY,半導體,IC封裝測試,全球前三大專業功率半導體封測企業,上市
6526,達發,半導體,"無線網路IC,衛星導航晶片組,IC設計,網路通訊IC,射頻前端晶片",聯發科旗下無線通訊與固網通訊之晶片設計公司,上市
6531,愛普*,半導體,"DRAM記憶體IC,SRAM記憶體IC,IC設計,設計IP",從事行動記憶體IC設計及IP設計的公司,上市
6533,晶心科,半導體,"IC設計,設計IP",聯發科旗下嵌入式微處理器核心IP設計公司,上市
6552,易華電,半導體,"IC基板,封測服務與材料",長華轉投資之面板驅動IC用高階軟性基板廠,上市
6573,虹揚-KY,半導體,"分離式元件,二極體",二極體及橋式整流器製造商,上市
6695,芯鼎,半導體,"IC設計,消費性IC,影音IC,安全監控IC",凌陽旗下影像及視訊處理IC設計公司,上市
6719,力智,半導體,"類比IC,IC設計,分離式元件,電晶體",華碩轉投資的電源管理IC設計公司,上市
6756,威鋒電子,半導體,"IC設計,USB,高速傳輸介面IC,傳輸介面",威盛旗下USB高速傳輸控制晶片廠,上市
6770,力積電,半導體,"晶圓代工,IC製造",全球前十大晶圓代工廠之一,上市
6789,采鈺,半導體,"影像感測元件,晶圓代工,IC測試,IC封裝測試,IC製造,數位相機",台積電旗下影像感測器後段製程生產企業,上市
6799,來頡,半導體,"類比IC,IC設計",台灣一家電源管理IC供應商,上市
6909,創控,半導體,"半導體製程設備,設備儀器商,污染控制設備",國內唯一自主開發的VOCs設備製造商,上市
6937,天虹,半導體,"半導體製程設備,設備儀器商",國內關鍵半導體零組件主要供應商,上市
6962,奕力-KY,半導體,"IC設計,LCD驅動IC",聯發科旗下顯示器驅動IC設計公司,上市
7749,意騰-KY,半導體,"IC設計,設計IP,ASIC",AI聲學處理及語音識別ASIC及AI智財授權公司,上市
8016,矽創,半導體,"IC設計,LCD驅動IC,CMOS晶片,感測元件,手機面板驅動IC,觸控IC,MEMS,手機零組件",台灣感測元件及顯示屏驅動IC廠,上市
8028,昇陽半導體,半導體,"矽晶圓,IC製造",主要從事再生晶圓與晶圓薄化代工業務,上市
8081,致新,半導體,"類比IC,IC設計,LED驅動IC",台灣前三大類比IC設計公司,上市
8110,華東,半導體,"IC封裝,IC測試,IC封裝測試",華新集團旗下封測廠,上市
8131,福懋科,半導體,"電子零件元件,IC封裝,IC測試,IC封裝測試,DRAM模組",台塑集團旗下封測廠,上市
8150,南茂,半導體,"IC封裝,IC測試,金、錫凸塊,IC封裝測試,LCD驅動IC封裝,封測服務與材料",全球前3大LCD驅動IC封測廠,上市
8261,富鼎,半導體,"分離式元件,電晶體",提供MOSFET、IGBT和電源IC之解決方案商,上市
8271,宇瞻,半導體,"電子零件元件,DRAM模組,Flash模組",全球前十大DRAM模組廠,上市
2301,光寶科,電腦及週邊設備,"汽機車零組件,車用電池,車用電子,LED,LED封裝,LED照明產品,電源供應器,無線充電,機殼,電子其他,電子零件元件,鍵盤,光碟機／燒錄機,無線網路設備系統(WLAN),通訊設備,事務機器,週邊產品,光通訊,太陽能,PV Inverter,電腦系統業,光纖被動元件",台灣電源供應器大廠,上市
2305,全友,電腦及週邊設備,"診斷與監測用醫材,醫學影像裝置,掃瞄器,設備儀器商,量測儀器,週邊產品",光罩持股，經營工業用、醫療等數位掃描器,上市
2324,仁寶,電腦及週邊設備,"車用電子,伺服器,筆記型電腦製造,顯示器,通訊設備,手機,手機製造,智慧型手機,平板電腦,消費性電子產品,穿戴式裝置,電子製造服務,電腦系統業,家電,液晶電視",全球前五大NB代工廠,上市
2331,精英,電腦及週邊設備,"桌上型電腦,筆記型電腦製造,主機板,平板電腦,消費性電子產品,繪圖卡,電腦系統業",大同轉投資主機板及電腦產品專業代工廠,上市
2352,佳世達,電腦及週邊設備,"醫療服務,醫療耗材,診斷與監測用醫材,醫學影像裝置,其他醫療器材,醫療管理服務,掃瞄器,顯示器,LCD顯示器,通訊設備,消費性電子產品,週邊產品,工業電腦,安全監控,電子製造服務,電腦系統業",LCD顯示器及投影機大廠,上市
2353,宏碁,電腦及週邊設備,"桌上型電腦,伺服器,筆記型電腦,顯示器,投影機,平板電腦,消費性電子產品,週邊產品,電腦系統業",全球前五大NB品牌廠,上市
2356,英業達,電腦及週邊設備,"伺服器,筆記型電腦製造,電子製造服務,電腦系統業",全球前五大NB代工廠,上市
2357,華碩,電腦及週邊設備,"桌上型電腦,筆記型電腦,手機,主機板,智慧型手機,繪圖卡,穿戴式裝置,智慧手錶,電腦系統業",全球最大自有品牌主機板兼NB廠,上市
2362,藍天,電腦及週邊設備,"資產股,筆記型電腦製造,電腦系統業,地產,物業投資發展",筆電製造商，並轉投資大陸最大IT賣場百腦匯,上市
2364,倫飛,電腦及週邊設備,"筆記型電腦,工業電腦,電腦系統業",主攻軍工規格NB廠商,上市
2365,昆盈,電腦及週邊設備,"車用電子,行車紀錄器,滑鼠,鍵盤,週邊產品",「Genius」電腦週邊產品商,上市
2376,技嘉,電腦及週邊設備,"伺服器,筆記型電腦,主機板,週邊產品,繪圖卡,電腦系統業",全球前四大主機板廠商之一,上市
2377,微星,電腦及週邊設備,"桌上型電腦,伺服器,筆記型電腦,主機板,週邊產品,繪圖卡,電腦系統業",台灣知名主機板及電競筆電廠,上市
2380,虹光,電腦及週邊設備,"電子其他,掃瞄器,事務機器,週邊產品",提供掃瞄器、MFP等數位化辦公設備供應商,上市
2382,廣達,電腦及週邊設備,"伺服器,筆記型電腦製造,電子製造服務,電腦系統業",全球前五大NB代工廠,上市
2387,精元,電腦及週邊設備,"鍵盤,週邊產品",全球知名NB鍵盤廠,上市
2395,研華,電腦及週邊設備,"工業電腦,電腦系統業",全球工業電腦龍頭廠商,上市
2397,友通,電腦及週邊設備,"工業電腦,電腦系統業",佳世達轉投資工業電腦嵌入式解決方案供應商,上市
2399,映泰,電腦及週邊設備,"主機板,工業電腦,繪圖卡,電腦系統業",台灣主機板、顯示卡廠商,上市
2405,輔信,電腦及週邊設備,"福祉輔助設備,輔助與彌補用醫材,準系統,電腦系統業",台灣準系統廠,上市
2417,圓剛,電腦及週邊設備,"視訊轉換相關,消費性電子產品,視訊會議產品",台灣知名影音視訊媒體解決方案商,上市
2425,承啟,電腦及週邊設備,"伺服器,主機板,繪圖卡,電腦系統業",七彩虹轉投資顯示卡、主機板、伺服器公司,上市
2465,麗臺,電腦及週邊設備,"繪圖卡,電腦系統業",台灣繪圖卡廠商,上市
2495,普安,電腦及週邊設備,"週邊產品,磁碟陣列控制器",全球前十大磁碟陣列及NAS系統供應商,上市
3002,歐格,電腦及週邊設備,"電源供應器,被動元件,電子零件元件,遊戲產業,商用遊戲機",台灣電源管理與智慧家庭解決方案領導廠商,上市
3005,神基,電腦及週邊設備,"汽機車零組件,機殼,電子零件元件,筆記型電腦,工業電腦,電腦系統業",全球前三大軍工規電腦廠,上市
3013,晟銘電,電腦及週邊設備,"機殼,電子零件元件",台灣電腦機殼OEM/ODM製造商,上市
3017,奇鋐,電腦及週邊設備,"機殼,散熱風扇馬達,電子零件元件,散熱模組",全球最大PC散熱模組廠,上市
3022,威強電,電腦及週邊設備,"工業電腦,電腦系統業",台灣知名工業電腦廠商,上市
3046,建碁,電腦及週邊設備,"顯示器,數位看板,工業電腦,電腦系統業",宏碁轉投資工業電腦與數位看板公司,上市
3057,喬鼎,電腦及週邊設備,"週邊產品,磁碟陣列控制器",全球知名RAID控制器及儲存解決方案供應商,上市
3060,銘異,電腦及週邊設備,"週邊產品,硬碟相關",台灣最大硬碟零組件製造商，主要產品為音圈馬達,上市
3231,緯創,電腦及週邊設備,"伺服器,筆記型電腦製造,電子製造服務,電腦系統業",全球前五大NB代工廠,上市
3416,融程電,電腦及週邊設備,"工業電腦,電腦系統業",台灣強固型工業用行動電腦及顯示器廠商,上市
3494,誠研,電腦及週邊設備,"週邊產品,印表機,印表機耗材",熱昇華式數位相片印表機供應商,上市
3515,華擎,電腦及週邊設備,"主機板,電腦系統業",全球前四大主機板廠商之一,上市
3652,精聯,電腦及週邊設備,"工業電腦,條碼掃描器,電腦系統業",全球前十大及台灣最大自動辨識資料收集產品AIDC廠商,上市
3701,大眾控,電腦及週邊設備,"控股公司,車用電子,平板電腦,消費性電子產品,工業電腦,電子製造服務,電腦系統業",轉投資製造工程、設計製造及系統整合等產業,上市
3706,神達,電腦及週邊設備,"控股公司,車用電子,行車紀錄器,伺服器,通訊設備,衛星導航,工業電腦,電腦系統業",控股子公司從事伺服器、車用電子、工業電腦等業務,上市
3712,永崴投控,電腦及週邊設備,"電力,水力發電,控股公司,電子其他,電子零件元件,掃瞄器,3C通路商,電子通路,事務機器,數位相機,光學鏡片/頭,週邊產品,記憶卡,光通訊,連接線材,硬碟相關,光纖被動元件",勁永、崴強、光燿科合併設立控股公司,上市
4916,事欣科,電腦及週邊設備,"航天軍工,航天機械零組件,工業電腦,遊戲產業,商用遊戲機,電腦系統業",從事博奕機台、工業電腦、航太零組件等業務,上市
4938,和碩,電腦及週邊設備,"車用電子,桌上型電腦,伺服器,筆記型電腦製造,通訊設備,手機,手機製造,主機板,視訊轉換相關,遊戲機,平板電腦,消費性電子產品,穿戴式裝置,電子製造服務,遊戲產業,電腦系統業",全球前三大EMS廠之一,上市
5215,科嘉-KY,電腦及週邊設備,"鍵盤,週邊產品",全球知名NB薄膜觸控開關製造商,上市
5258,虹堡,電腦及週邊設備,"POS機系統,電腦系統業",台灣電子金融交易終端機(POS)製造商,上市
6117,迎廣,電腦及週邊設備,"機殼,電子零件元件,伺服器,電腦系統業",PC機殼及伺服器組裝廠,上市
6128,上福,電腦及週邊設備,"週邊產品,印表機耗材",台灣唯一具備雷射印表機之碳粉匣及OPC感光鼓齒輪研發設計廠,上市
6166,凌華,電腦及週邊設備,"工業電腦,電腦系統業",台灣工業電腦大廠,上市
6206,飛捷,電腦及週邊設備,"POS機系統,電腦系統業",台灣最大、全球前三大POS專業代工廠,上市
6230,尼得科超眾,電腦及週邊設備,"電子零件元件,散熱模組",日本電產轉投資之散熱模組製造商,上市
6235,華孚,電腦及週邊設備,"汽機車零組件,電子零件元件,鎂鋁合金",車用鎂合金零件製造廠,上市
6277,宏正,電腦及週邊設備,"視訊轉換相關,消費性電子產品,週邊產品",全球知名KVM製造商,上市
6414,樺漢,電腦及週邊設備,"工業電腦,電腦系統業",鴻海轉投資之工業電腦廠,上市
6579,研揚,電腦及週邊設備,"工業電腦,電腦系統業",華碩、廣積轉投資工業電腦廠,上市
6591,動力-KY,電腦及週邊設備,"散熱風扇馬達,電子零件元件",電競PC散熱風扇供應商,上市
6669,緯穎,電腦及週邊設備,"伺服器,電腦系統業",緯創轉投資之大型雲端資料中心硬體供應商,上市
6928,攸泰科技,電腦及週邊設備,"工業電腦,電腦系統業",大眾控轉投資工業電腦公司,上市
6933,AMAX-KY,電腦及週邊設備,"伺服器,系統整合,軟體業,電腦系統業",提供AI高效能運算、高密度伺服器和存儲、液冷整機櫃解決方案,上市
8114,振樺電,電腦及週邊設備,"POS機系統,電腦系統業",全球前五大POS品牌廠之一,上市
8163,達方,電腦及週邊設備,"車輛整車,自行車,鍵盤,週邊產品",全球知名NB鍵盤廠,上市
8210,勤誠,電腦及週邊設備,"機殼,電子零件元件",台灣伺服器機殼龍頭廠,上市
9912,偉聯,電腦及週邊設備,"顯示器,LCD顯示器",以自有品牌發展專業用途顯示器廠,上市
2323,中環,光電,"非揮發性記憶體,光碟片,IC製造,週邊產品",全球前三大光碟片製造商之一,上市
2349,錸德,光電,"光碟片,週邊產品,記憶卡,儲存設備,硬碟相關",全球前三大光碟片製造商之一,上市
2374,佳能,光電,"數位相機,數位相機組裝,光學鏡片/頭,手機鏡頭模組,手機零組件",以車載鏡頭及AI相機應用為主,上市
2393,億光,光電,"LED,LED封裝,LED照明產品",全球前十大LED封裝廠,上市
2406,國碩,光電,"太陽能,太陽能系統運用,太陽能導電漿",台灣太陽能導電銲帶龍頭，並轉投資太陽能導電漿廠碩禾,上市
2409,友達,光電,"面板業,中小尺吋面板,TFT-LCD,OLED,觸控面板",全球前五大面板大廠之一,上市
2426,鼎元,光電,"LED,LED晶粒,分離式元件,二極體,電晶體,光通訊,光纖主動元件",台灣大型LED晶粒切割、檢測廠,上市
2429,銘旺科,光電,"面板零組件,玻璃基板加工",玻璃基板及加工製造商,上市
2438,翔耀,光電,"面板零組件,玻璃基板加工,小家電,家電,配電工程,電力設備",主要經營玻璃基板薄化加工及機電設備,上市
2466,冠西電,光電,"LED,LED照明產品,光通訊,光纖被動元件",LED裝飾燈及光電元件製造商,上市
2486,一詮,光電,"面板零組件,背光模組,LED,LED散熱基板,導線架,封測服務與材料",台灣LED導線架大廠,上市
2489,瑞軒,光電,"顯示器,LCD顯示器,家電,液晶電視",台灣知名液晶電視及顯示器代工廠,上市
2491,吉祥全,光電,"LED,LED照明產品",主要從事照明應用產品製造及銷售,上市
3008,大立光,光電,"數位相機,光學鏡片/頭",全球智慧型手機鏡頭龍頭廠,上市
3019,亞光,光電,"傳產其他,光學,影像感測元件,數位相機,數位相機組裝,光學鏡片/頭",台灣光學鏡頭大廠，專注於玻璃鏡片與非球面模造玻璃,上市
3024,憶聲,光電,"資產股,車用電子,車載影音系統,電器銷售,家電,地產,園區開發",經營歌林品牌家電,上市
3031,佰鴻,光電,"LED,LED封裝,LED照明產品",台灣LED封裝暨紅外線傳輸模組廠商,上市
3038,全台,光電,"面板業,中小尺吋面板,LCM,觸控面板",台灣中小尺寸面板模組廠,上市
3049,精金,光電,"面板業,觸控面板",彩晶轉投資，為觸控感測器製造商,上市
3050,鈺德,光電,"光碟片,碟片預錄,太陽能,太陽能系統運用,旅宿／餐飲,休閒娛樂,餐飲",錸德集團旗下台灣最大預錄碟片廠,上市
3051,力特,光電,"面板零組件,偏光板",全球前十大偏光板供應商之一,上市
3059,華晶科,光電,"診斷與監測用醫材,車用電子,影像感測元件,IC設計,影音IC,數位相機,數位相機組裝,光學鏡片/頭,手機鏡頭模組,消費性電子產品,安全監控,手機零組件",以車用鏡頭、影像晶片與醫療產品為主軸,上市
3149,正達,光電,"車用玻璃,汽車內裝,建材,玻璃,面板零組件,玻璃基板加工",鴻海集團旗下之玻璃加工龍頭廠商,上市
3168,眾福科,光電,"面板業,LCM",佳世達旗下，為工控及客製化液晶顯示器之製造商,上市
3356,奇偶,光電,"消費性電子產品,安全監控",台灣專業安控廠，擁有自有品牌GeoVision,上市
3406,玉晶光,光電,"LED,LED照明產品,數位相機,光學鏡片/頭",台灣光學鏡頭大廠，專注於手機鏡頭與AR/VR透鏡,上市
3437,榮創,光電,"LED,LED封裝",專注於SMD LED研究、開發和製造,上市
3454,晶睿,光電,"消費性電子產品,安全監控",全球安全監控系統大廠,上市
3481,群創,光電,"面板業,中小尺吋面板,TFT-LCD,OLED,觸控面板",全球知名面板大廠,上市
3504,揚明光,光電,"顯示器,投影機,數位相機,光學鏡片/頭,週邊產品,3D印表機",中光電旗下微投光機及光學元件生產廠商,上市
3535,晶彩科,光電,"設備儀器商,面板設備",國內面板前段自動光學檢測設備大廠,上市
3543,州巧,光電,"家居用品,模具沖壓,電子零件元件",專注LCD TV面板沖壓件製造商,上市
3563,牧德,光電,"PCB相關設備,IC檢測設備,設備儀器商,封測用設備",台灣最大的PCB光學檢測設備供應商,上市
3576,聯合再生,光電,"太陽能,太陽能電池,太陽能電池模組,太陽能系統運用",台灣太陽能電池模組龍頭,上市
3591,艾笛森,光電,"LED,LED封裝,LED照明產品",台灣最大高功率LED產品設計製造廠商,上市
3622,洋華,光電,"面板業,觸控面板,電線電纜,電纜連接件及配件",台灣中小尺寸觸控面板廠,上市
3673,TPK-KY,光電,"面板業,面板零組件,導電玻璃,觸控面板",全球最大玻璃投射電容觸控模組廠,上市
3714,富采,光電,"控股公司,LED,LED晶粒,LED封裝,LED磊晶,LED照明產品",全球前五大LED一條龍廠,上市
4934,太極,光電,"太陽能,太陽能電池,太陽能電池模組",廣運轉投資之太陽能電池廠,上市
4935,茂林-KY,光電,"面板零組件,模具沖壓,電子零件元件",台灣導光板大廠,上市
4942,嘉彰,光電,"模具沖壓,電子零件元件",台灣TFT框架、背板等零組件沖壓廠,上市
4949,有成精密,光電,"半導體製程設備,設備儀器商,太陽能,太陽能電池模組",台灣太陽能發電系統安裝廠商,上市
4956,光鋐,光電,"LED,LED晶粒,LED磊晶",泛鴻海集團LED磊晶廠,上市
4960,誠美材,光電,"面板零組件,偏光板",台灣第二大偏光板供應商,上市
4976,佳凌,光電,"數位相機,數位相機組裝,光學鏡片/頭",台灣光學鏡片及鏡頭機構組裝供應商,上市
5234,達興材料,光電,"光阻劑,半導體化學品",友達為大股東之光電特用化學材料供應商,上市
5243,乙盛-KY,光電,"車用金屬成型,車用沖壓件,模具沖壓,電子零件元件",鴻海轉投資的消費性電子機構件廠,上市
5244,弘凱,光電,"LED,LED封裝",LED產品主要應用於高端消費及車燈市場,上市
5484,慧友,光電,"消費性電子產品,安全監控",台灣安全監控系統廠商,上市
6116,彩晶,光電,"面板業,中小尺吋面板,TFT-LCD,觸控面板",台灣中小尺寸面板供應商，及觸控面板廠商,上市
6120,達運,光電,"面板業,面板零組件,背光模組,LCM",友達旗下背光模組零組件供應商,上市
6164,華興,光電,"LED,LED封裝",台灣LED照明元件及模組廠,上市
6168,宏齊,光電,"LED,LED封裝",專為Avago及Osram代工之LED封裝廠,上市
6176,瑞儀,光電,"面板零組件,背光模組",全球最大背光模組(BLU)廠,上市
6209,今國光,光電,"數位相機,光學鏡片/頭",台灣光學鏡片、鏡頭製造商,上市
6225,天瀚,光電,"車用電子,行車紀錄器",機車用行車紀錄器及投影機廠商,上市
6226,光鼎,光電,"LED,LED封裝",專注於LED照明市場之封裝業者,上市
6278,台表科,光電,"LED,LED照明產品,電子製造服務,電腦系統業",全球知名光電產品之SMT代工廠,上市
6405,悅城,光電,"面板零組件,玻璃基板加工",台灣光電玻璃薄化加工大廠,上市
6443,元晶,光電,"太陽能,太陽能電池,太陽能電池模組",台灣太陽能模組龍頭廠,上市
6456,GIS-KY,光電,"面板業,觸控面板",鴻海集團旗下觸控面板模組廠,上市
6477,安集,光電,"電力,太陽能發電,太陽能,太陽能電池模組",台灣太陽能電池模組製造商,上市
6668,中揚光,光電,"數位相機,光學鏡片/頭,模具,機械",鴻海集團轉投資的光學鏡片模具廠,上市
6706,惠特,光電,"半導體製程設備,設備儀器商,LED設備",全球最大LED點測分選設備商,上市
6742,澤米,光電,"面板零組件,光學膜,電子其他",光學鍍膜及半導體鍍膜公司,上市
6916,華凌,光電,"面板業,LCM",液晶顯示器模組(LCM)生產銷售商,上市
8104,錸寶,光電,"面板業,OLED,工業用電池,電力設備",錸德轉投資的全球PMOLED龍頭廠商,上市
8105,凌巨,光電,"面板業,LCM",從事製造利基型顯示模組,上市
8215,明基材,光電,"面板零組件,偏光板",全球前五大、台灣第一大偏光板供應商,上市
2314,台揚,通信網路,--,鴻海轉投資衛星、微波通訊設備製造商,上市
2321,東訊,通信網路,"電話/傳真機,通訊設備,消費性電子產品,電氣自控設備,電力設備",東元集團旗下台灣最大總機系統供應商,上市
2332,友訊,通信網路,"無線網路設備系統(WLAN),通訊設備,資安設備,網路交換器,消費性電子產品,安全監控",以D-Link品牌行銷網通設備之全球領導廠商,上市
2345,智邦,通信網路,"通訊設備,網路交換器",以網路交換器為主產品的網通設備代工大廠,上市
2412,中華電,通信網路,"電信/數據服務,通訊服務,行動通訊",台灣電信業龍頭,上市
2419,仲琦,通信網路,"通訊設備,接取設備,數據機,系統整合,軟體業",台灣Cable CPE與系統整合業者,上市
2424,隴華,通信網路,通訊服務,海上衛星寬頻營運商,上市
2439,美律,通信網路,"電聲產品,耳機,微型揚聲器",電聲元件大廠,上市
2444,兆勁,通信網路,"無線網路設備系統(WLAN),通訊設備,週邊產品,記憶卡,硬碟相關",台灣無線網路設備代工廠,上市
2450,神腦,通信網路,"手機零售通路商,3C通路商,電子通路",中華電信轉投資之數位產品通路代理商,上市
2455,全新,通信網路,"砷化鎵相關,光通訊元件磊晶,IC製造",全球前三大砷化鎵HBT磊晶片廠,上市
2485,兆赫,通信網路,"通訊設備,低雜訊降頻器,視訊轉換相關,消費性電子產品",機上盒、LNB、有線電視傳輸設備製造商,上市
2498,宏達電,通信網路,"手機,手機製造,軟體業,虛擬實境,智慧型手機,消費性電子產品,穿戴式裝置",以HTC品牌行銷全球前十大智慧型手機廠商,上市
3025,星通,通信網路,"通訊設備,電信設備,光通訊,光纖設備",台灣電信局端設備製造商,上市
3027,盛達,通信網路,"電力,太陽能發電,通訊設備,接取設備,太陽能,太陽能系統運用,PV Inverter,重電設備,電力設備",再生能源設備銷售與系統供應商,上市
3045,台灣大,通信網路,"無店舖販售,電視購物,傳播事業,有線電視,電信/數據服務,通訊服務,Internet應用與服務,電商平台,行動通訊",台灣前三大電信業者之一,上市
3047,訊舟,通信網路,"無線網路設備系統(WLAN),通訊設備,區域網路",兼營品牌(EDIMAX)與代工的網通設備廠,上市
3062,建漢,通信網路,"無線網路設備系統(WLAN),通訊設備,視訊轉換相關,消費性電子產品",鴻海投資的無線與寬頻網路設備製造商,上市
3138,耀登,通信網路,"通訊設備,天線,設備儀器商,量測儀器",台灣天線製造、儀器設備代理廠商,上市
3311,閎暉,通信網路,"汽機車零組件,穿戴式裝置",聚焦於車用零組件及機構整合元件,上市
3380,明泰,通信網路,"無線網路設備系統(WLAN),通訊設備,區域網路",佳世達轉投資的網通設備代工大廠,上市
3419,譁裕,通信網路,"通訊設備,天線,光通訊,光纖被動元件",網通天線大廠,上市
3447,展達,通信網路,"通訊設備,接取設備,物聯網裝置,視訊轉換相關,消費性電子產品",群光轉投資網通設備廠,上市
3596,智易,通信網路,"無線網路設備系統(WLAN),通訊設備,5G通訊設備,4G通訊設備,視訊轉換相關,消費性電子產品",仁寶集團旗下網通廠,上市
3669,圓展,通信網路,"消費性電子產品,視訊會議產品",圓剛轉投資之視訊會議與教學簡報系統供應商,上市
3694,海華,通信網路,"通訊設備,通訊設備零組件,數位相機,光學鏡片/頭",和碩旗下無線通訊模組廠,上市
3704,合勤控,通信網路,"控股公司,無線網路設備系統(WLAN),通訊設備,電信設備,接取設備,區域網路,光通訊,光纖設備",兼營品牌「ZyXEL」與代工業務之網通設備廠,上市
4904,遠傳,通信網路,"電信/數據服務,通訊服務,行動通訊",台灣前三大電信業者之一,上市
4906,正文,通信網路,"無線網路設備系統(WLAN),通訊設備",台灣無線區域網路代工大廠,上市
4977,眾達-KY,通信網路,"光通訊,光纖主動元件",光收發模組封裝及代工廠商,上市
5388,中磊,通信網路,"無線網路設備系統(WLAN),通訊設備,接取設備,區域網路",台灣寬頻及電信設備代工大廠,上市
6136,富爾特,通信網路,"手機零售通路商,電子元件代理商,電子通路,Internet應用與服務,電商平台",經營數位行銷服務及電子軟硬體代理業務,上市
6142,友勁,通信網路,"通訊設備,區域網路",友訊轉投資寬頻產品製造商,上市
6152,百一,通信網路,"通訊設備,低雜訊降頻器,視訊轉換相關,消費性電子產品",STB、LNB的ODM大廠,上市
6216,居易,通信網路,"無線網路設備系統(WLAN),通訊設備,接取設備",以DrayTek自有品牌行銷寬頻接取網通設備廠商,上市
6285,啟碁,通信網路,"車用電子,無線網路設備系統(WLAN),通訊設備,衛星通訊設備,通訊設備零組件",緯創轉投資無線、衛星通訊產品大廠,上市
6416,瑞祺電通,通信網路,"通訊設備,資安設備",台灣網通資安設備龍頭大廠,上市
6426,統新,通信網路,"光通訊,光纖零組件",台灣光通訊元件濾光片廠商,上市
6442,光聖,通信網路,"連接器,電子零件元件,光通訊,光纖主動元件,光纖被動元件",台灣光通訊元件製造商,上市
6674,鋐寶科技,通信網路,"無線網路設備系統(WLAN),通訊設備,接取設備",仁寶轉投資之Cable CPE廠商,上市
6792,詠業,通信網路,"被動元件,MLCC,其他電子零件,電子零件元件,通訊設備,天線",達方轉投資的天線、壓電陶瓷元件、電路保護元件廠,上市
6863,永道-KY,通信網路,"通訊設備,RFID相關",永豐餘旗下RFID標籤ODM廠,上市
8011,台通,通信網路,"光纖光纜,通訊服務,光通訊,光纖被動元件,電線電纜,通訊電纜",台灣光纖線纜與光纖被動元件製造商,上市
8045,達運光電,通信網路,"系統整合,軟體業,光通訊,光纖設備",從事室內外射頻與光傳輸設備的研發與製造,上市
8101,華冠,通信網路,"手機,手機製造,平板電腦,消費性電子產品,穿戴式裝置,電子製造服務,電腦系統業",華宇集團旗下手機ODM代工廠,上市
1471,首利,電子零組件,"電源供應器,機殼,電子零件元件",台灣電源供應器及機殼廠,上市
1582,信錦,電子零組件,"樞紐,電子零件元件",Monitor樞紐大廠,上市
2059,川湖,電子零組件,"其他電子零件,電子零件元件",全球知名伺服器導軌廠,上市
2308,台達電,電子零組件,"汽機車零組件,車用電池,UPS,車用電子,LED,LED照明產品,電源供應器,變壓器,無線充電,被動元件,晶片電阻,電感,其他電子零件,散熱風扇馬達,電子零件元件,散熱模組,顯示器,投影機,通訊設備,系統整合,軟體業,雲端科技,Internet技術與基礎設施,太陽能,PV Inverter,車用充電相關,...",全球最大的交換式電源供應器廠商,上市
2313,華通,電子零組件,"軟板,印刷電路板,印刷電路板相關",全球HDI板龍頭公司,上市
2316,楠梓電,電子零組件,"印刷電路板,印刷電路板相關,電子製造服務,電腦系統業",台灣PCB大廠，並轉投資於深交所掛牌之滬電股份,上市
2327,國巨*,電子零組件,"被動元件,MLCC,晶片電阻,電容,電感,鉭質電解電容",全球被動元件供應商，亦為全球晶片電阻大廠,上市
2328,廣宇,電子零組件,"連接器,電子零件元件,連接線材,電子製造服務,電腦系統業",鴻海旗下電子零件代工、PCB及連接器廠,上市
2355,敬鵬,電子零組件,"印刷電路板,印刷電路板相關",全球車用PCB龍頭廠,上市
2367,燿華,電子零組件,"印刷電路板,印刷電路板相關",台灣前三大手機印刷電路板廠之一,上市
2368,金像電,電子零組件,"印刷電路板,印刷電路板相關",全球最大伺服器用板製造商,上市
2375,凱美,電子零組件,"被動元件,晶片電阻,鋁質電解電容,散熱風扇馬達,電子零件元件",國巨旗下的專業鋁質電容廠,上市
2383,台光電,電子零組件,"銅箔基板,印刷電路板相關",全球第一大無鹵素板廠、台灣第二大CCL廠,上市
2385,群光,電子零組件,"電源供應器,電子零件元件,鍵盤,週邊產品",全球鍵盤及電源供應器大廠,上市
2392,正崴,電子零組件,"汽機車零組件,車用電池,電源供應器,連接器,消費用電池,電子零件元件,3C通路商,電子通路,週邊產品,連接線材,工業用電池,電力設備",生產3C產品連接器、電池模組、電源管理模組之廠商,上市
2402,毅嘉,電子零組件,"其他電子零件,電子零件元件,軟板,印刷電路板相關",軟板及塑膠機構件廠,上市
2413,環科,電子零組件,"電源供應器,變壓器,被動元件,電感,電子零件元件,電子製造服務,電腦系統業",電源供應器及變壓器製造廠商,上市
2415,錩新,電子零組件,"證券,金融業,其他電子零件,電子零件元件,音響設備及零件",全球最大揚聲器鍛造零組件廠,上市
2420,新巨,電子零組件,"電源供應器,電子零件元件,程式開關",台灣聚焦高階電源供應器與知名微動開關廠,上市
2421,建準,電子零組件,"散熱風扇馬達,電子零件元件,散熱模組",PC散熱風扇知名廠商,上市
2428,興勤,電子零組件,"被動元件,熱敏電阻,壓敏電阻",全球知名熱敏電阻廠,上市
2431,聯昌,電子零組件,"電源供應器,電子零件元件",東元轉投資，專注於LCD顯示器電源供應器製造商,上市
2440,太空梭,電子零組件,"電子零件元件,連接線材,電線電纜,裸銅線",台灣絞銅線及3C連接線材公司,上市
2457,飛宏,電子零組件,"電源供應器,電子零件元件",電源供應器領導廠商,上市
2460,建通,電子零組件,"其他電子零件,電子零件元件",亞洲最大電器類端子製造廠,上市
2462,良得電,電子零組件,"電子零件元件,連接線材",台灣知名電源線製造商,上市
2467,志聖,電子零組件,"PCB相關設備,半導體製程設備,設備儀器商,面板設備,其他產業機械",全球知名紫外線立體照射機製造商,上市
2472,立隆電,電子零組件,"被動元件,鋁質電解電容,被動元件上游",台灣第一大鋁電解電容器廠,上市
2476,鉅祥,電子零組件,"模具沖壓,電子零件元件",台灣沖壓件暨機構件大廠,上市
2478,大毅,電子零組件,"被動元件,晶片電阻",台灣知名晶片電阻製造商,上市
2483,百容,電子零組件,"連接器,其他電子零件,電子零件元件,導線架,程式開關,封測服務與材料,電機,電氣零件與設備,電力設備",台灣知名程式開關兼繼電器供應商,上市
2484,希華,電子零組件,"被動元件,石英元件,濾波器,振盪器",台灣石英元件大廠,上市
2492,華新科,電子零組件,"被動元件,MLCC,晶片電阻,電容",全球前五大MLCC廠,上市
2493,揚博,電子零組件,"PCB相關設備,半導體材料通路商,電子通路,設備儀器商,面板設備",全球最大的PCB濕製程大廠,上市
3003,健和興,電子零組件,"連接器,其他電子零件,電子零件元件",各種應用之連接器及配線器材生產,上市
3011,今皓,電子零組件,"電子零件元件,連接線材",3C產品之電源線供應大廠,上市
3015,全漢,電子零組件,"電源供應器,電子零件元件",全球前十大交換式電源供應器廠商,上市
3021,鴻名,電子零組件,"電子零件元件,系統整合,軟體業,連接線材",提供3C產品線材、連接器及電子元件廠商,上市
3023,信邦,電子零組件,"連接器,電子零件元件,連接線材",台灣知名連接線束製造廠,上市
3026,禾伸堂,電子零組件,"被動元件,MLCC,鋁質電解電容,IC零組件通路商,電子元件代理商,電子通路",主要自製MLCC及代理電子元件,上市
3032,偉訓,電子零組件,"電源供應器,機殼,電子零件元件,週邊產品",台灣PC電源供應器及機殼製造廠，並跨入電競領域,上市
3037,欣興,電子零組件,"印刷電路板,印刷電路板相關,IC基板,封測服務與材料",全球印刷電路板龍頭廠之一,上市
3042,晶技,電子零組件,"被動元件,石英元件,振盪器",台灣最大石英元件、頻率控制元件廠商,上市
3044,健鼎,電子零組件,"印刷電路板,印刷電路板相關",全球前十大印刷電路板廠之一,上市
3058,立德,電子零組件,"電源供應器,變壓器,電子零件元件",以消費性網通應用為主的電源供應器廠,上市
3090,日電貿,電子零組件,"被動元件,MLCC,電容,鋁質電解電容,電子元件代理商,電子通路",台灣最大的被動元件代理商,上市
3092,鴻碩,電子零組件,"電子零件元件,連接線材",台灣知名連接元件製造商,上市
3229,晟鈦,電子零組件,"PCB材料,印刷電路板,印刷電路板相關",磷銅球、小量多樣PCB供應商,上市
3296,勝德,電子零組件,"電源供應器,電子零件元件",以PC應用為主的電源保護器廠,上市
3308,聯德,電子零組件,"電源供應器,電子零件元件",台灣PC電源供應器供應商,上市
3321,同泰,電子零組件,"軟板,印刷電路板相關",欣興、台表科轉投資的軟板公司,上市
3338,泰碩,電子零組件,"電子零件元件,散熱模組",台灣生產散熱器及PC用連接器廠,上市
3376,新日興,電子零組件,"模具沖壓,樞紐,電子零件元件",全球NB樞紐大廠,上市
3432,台端,電子零組件,"電動機車,車輛整車,連接器,電子零件元件",國內連接器製造商，並跨足電動二輪車銷售,上市
3501,維熹,電子零組件,"電子零件元件,連接線材",正崴集團之連接線廠,上市
3533,嘉澤,電子零組件,"連接器,電子零件元件",全球前三大CPU Socket製造商,上市
3550,聯穎,電子零組件,"電子零件元件,連接線材",3C影音傳輸線材專業供應商,上市
3593,力銘,電子零組件,"機殼,其他電子零件,電子零件元件",台灣塑膠射出成型零組件廠,上市
3605,宏致,電子零組件,"連接器,其他電子零件,電子零件元件,連接線材",國內連接器及連接線組、配件製造商,上市
3607,谷崧,電子零組件,"機殼,其他電子零件,電子零件元件",為3C塑膠零組件製造廠,上市
3645,達邁,電子零組件,"PCB材料,印刷電路板相關",全球第四大聚醯亞胺薄膜生產廠商,上市
3653,健策,電子零組件,"電子零件元件,散熱模組,導線架,封測服務與材料",台灣均熱片兼LED導線架供應商,上市
3679,新至陞,電子零組件,"機殼,其他電子零件,電子零件元件",為塑膠模具設計及射出廠商,上市
3715,定穎投控,電子零組件,"控股公司,印刷電路板,印刷電路板相關",台灣專業多層印刷電路板製造廠,上市
4545,銘鈺,電子零組件,"其他電子零件,模具沖壓,電子零件元件,自動化設備,機械",銘異轉投資硬碟機音圈馬達廠商,上市
4912,聯德控股-KY,電子零組件,"車用金屬成型,車用沖壓件,模具沖壓,電子零件元件",主要從事消費性電子零件的模組沖壓廠,上市
4915,致伸,電子零組件,"車用電子,週邊產品,電聲產品",台灣電腦週邊及聲學元件製造大廠，並跨入車電領域,上市
4927,泰鼎-KY,電子零組件,"印刷電路板,印刷電路板相關",泰國台商最大印刷電路板公司,上市
4943,康控-KY,電子零組件,"汽機車零組件,控股公司,電聲產品",汽車零組件及聲學元件製造商,上市
4958,臻鼎-KY,電子零組件,"軟板,印刷電路板,印刷電路板相關",鴻海轉投資的全球第一大PCB廠,上市
4989,榮科,電子零組件,"銅箔,印刷電路板相關",榮化轉投資的電解銅箔廠,上市
4999,鑫禾,電子零組件,"樞紐,電子零件元件",全球前三大筆電樞紐製造商,上市
5469,瀚宇博,電子零組件,"印刷電路板,印刷電路板相關,電子製造服務,電腦系統業",全球前三大NB板與STB板廠之一,上市
6108,競國,電子零組件,"印刷電路板,印刷電路板相關",台灣CMOS sensor載板最大供應廠,上市
6115,鎰勝,電子零組件,"電子零件元件,連接線材",全球IT產品電源線材大廠,上市
6133,金橋,電子零組件,"電子零件元件,連接線材",經營電腦週邊及高頻通訊為主的連接線廠,上市
6141,柏承,電子零組件,"印刷電路板,印刷電路板相關",少量多樣的利基型PCB廠,上市
6153,嘉聯益,電子零組件,"軟板,印刷電路板相關",台灣前三大軟板廠之一,上市
6155,鈞寶,電子零組件,"被動元件,電感,被動元件上游",台灣電感及電磁波干擾對策之專業廠商,上市
6191,精成科,電子零組件,"印刷電路板,印刷電路板相關,電子製造服務,電腦系統業",瀚宇博轉投資印刷電路板暨組裝代工廠,上市
6197,佳必琪,電子零組件,"連接器,電子零件元件",國內連接器及線束廠,上市
6205,詮欣,電子零組件,"連接器,電子零件元件,連接線材",專業連接器及連接線廠商,上市
6213,聯茂,電子零組件,"軟板基板,銅箔基板,印刷電路板相關",全球前十大銅箔基板廠之一,上市
6224,聚鼎,電子零組件,"LED,LED散熱基板,被動元件,熱敏電阻",全球第二大PPTC保護元件大廠,上市
6269,台郡,電子零組件,"軟板,印刷電路板相關",全球前十大軟板廠之一,上市
6282,康舒,電子零組件,"電源供應器,電子零件元件",金仁寶集團旗下電源供應器廠,上市
6412,群電,電子零組件,"電源供應器,電子零件元件",群光轉投資，台灣前三大PC電源供應器廠,上市
6449,鈺邦,電子零組件,"被動元件,鋁質電解電容",全球前三大固態電容廠之一,上市
6672,騰輝電子-KY,電子零組件,"LED,LED散熱基板,銅箔基板,印刷電路板相關",於大陸生產的台資銅箔基板廠,上市
6715,嘉基,電子零組件,"電子零件元件,連接線材,傳輸介面,Thunderbolt",嘉澤轉投資之高速連接線器廠商,上市
6781,AES-KY,電子零組件,"汽機車零組件,車用電池,工業用電池,電力設備",新普轉投資之鋰電池模組製造商,上市
6805,富世達,電子零組件,"樞紐,電子零件元件",奇鋐轉投資，摺疊機軸承廠,上市
6834,天二科技,電子零組件,"被動元件,晶片電阻",被動元件貼片電阻製造商,上市
6835,圓裕,電子零組件,"電子零件元件,軟板,印刷電路板相關,連接線材",台灣軟板及連接線組製造商,上市
6862,三集瑞-KY,電子零組件,"被動元件,電感",台灣領先的電感器製造商之一,上市
7788,松川精密,電子零組件,"電氣零件與設備,電力設備",台灣最具規模的繼電器製造公司,上市
8039,台虹,電子零組件,"軟板基板,印刷電路板相關",全球前三大FCCL製造商,上市
8046,南電,電子零組件,"印刷電路板,印刷電路板相關,IC基板,封測服務與材料",台塑集團旗下PCB載板大廠,上市
8103,瀚荃,電子零組件,"連接器,電子零件元件,連接線材",各種應用之連接器及線纜組件廠,上市
8213,志超,電子零組件,"印刷電路板,印刷電路板相關",全球最大光電板廠商,上市
8249,菱光,電子零組件,"影像感測元件,數位相機",全球彩色接觸式CIS龍頭廠,上市
2347,聯強,電子通路,"電腦通路商,手機零售通路商,IC零組件通路商,電子元件代理商,電子通路",亞太最大、全球前三大3C產品通路商,上市
2414,精技,電子通路,"電腦通路商,電子通路",台灣前三大資訊通路經營商,上市
2430,燦坤,電子通路,"3C通路商,電子通路,電器銷售,家電",全台最大3C連鎖通路,上市
3010,華立,電子通路,"電子元件代理商,半導體材料通路商,電子通路",大中華半導體前段製程材料與化學品最大供應商,上市
3028,增你強,電子通路,"IC零組件通路商,電子元件代理商,電子通路",台灣半導體元件代理通路商,上市
3033,威健,電子通路,"IC零組件通路商,電子通路",半導體零組件專業代理商,上市
3036,文曄,電子通路,"IC零組件通路商,電子通路",台灣前三大半導體IC通路商,上市
3048,益登,電子通路,"IC零組件通路商,電子通路",全球第十大半導體代理商,上市
3055,蔚華科,電子通路,"半導體製程設備,設備儀器商,封測用設備",半導體測試解決方案商,上市
3209,全科,電子通路,"無線網路IC,類比IC,IC設計,網路通訊IC,IC零組件通路商,電子通路,光通訊IC",為專業通訊元件設計及通路商,上市
3312,弘憶股,電子通路,"IC零組件通路商,電子通路",IC通路商，主要代理數位通訊應用方案與元件,上市
3528,安馳,電子通路,"IC零組件通路商,電子通路",台灣前5大IC通路商,上市
3702,大聯大,電子通路,"控股公司,IC零組件通路商,電子通路",全球暨亞太區第一大的半導體零組件通路商,上市
5434,崇越,電子通路,"半導體材料通路商,電子通路,營造工程,環保工程",日本信越晶圓產品在台代理商,上市
6189,豐藝,電子通路,"顯示器,IC零組件通路商,電子元件代理商,電子通路",國內專業的電子零組件經銷通路商,上市
6281,全國電,電子通路,"3C通路商,電子通路,電器銷售,家電",台灣知名家電與3C通路賣場,上市
6776,展碁國際,電子通路,"電腦通路商,3C通路商,電子通路,軟體業,軟體通路／代理,電器銷售,家電",台灣第二大電子通路代理商,上市
8070,長華*,電子通路,"導線架,半導體材料通路商,電子通路,封測服務與材料",半導體封裝材料及設備通路商,上市
8072,陞泰,電子通路,"IC零組件通路商,電子通路,消費性電子產品,安全監控",從事安全監控系統及半導體代理業務,上市
8112,至上,電子通路,"IC零組件通路商,電子元件代理商,電子通路",主要代理品牌以Samsung為主之IC通路商,上市
2427,三商電,資訊服務,"傳產其他,金融機具,系統整合,軟體業",以金融、電訊與交通產業為主之系統整合商,上市
2453,凌群,資訊服務,"系統整合,軟體業,雲端科技,Internet技術與基礎設施",以金融業為主的系統整合大廠,上市
2468,華經,資訊服務,"系統整合,軟體業",以數位影像處理為主的系統整合商,上市
2471,資通,資訊服務,"系統整合,軟體業,企業資源規劃,客戶關係管理,應用軟體",以金融業及製造業為主的系統整合廠商,上市
2480,敦陽科,資訊服務,"資訊安全,系統整合,軟體業,雲端科技,Internet技術與基礎設施",台灣最大系統整合服務商,上市
3029,零壹,資訊服務,"資訊安全,系統整合,軟體業,軟體通路／代理,雲端科技,Internet技術與基礎設施",台灣最大的加值型網路代理商,上市
4994,傳奇,資訊服務,"PC遊戲,遊戲產業,手機遊戲",台灣知名遊戲開發商,上市
5203,訊連,資訊服務,"軟體業,套裝軟體,應用軟體,雲端科技,Internet技術與基礎設施,生物辨識相關,人臉辨識",全球知名多媒體影音軟體公司,上市
6112,邁達特,資訊服務,"系統整合,軟體業,軟體通路／代理",資訊應用軟硬體服務供應中介之加值型通路商,上市
6183,關貿,資訊服務,"系統整合,軟體業,Internet技術與基礎設施,電商服務",台灣政務相關應用軟體業者,上市
6214,精誠,資訊服務,"系統整合,軟體業,軟體通路／代理,雲端科技,Internet技術與基礎設施",金融服務、科技整合及加值服務系統業者,上市
2312,金寶,其他電子,"車用電子,桌上型電腦,筆記型電腦製造,通訊設備,手機,手機製造,視訊轉換相關,消費性電子產品,週邊產品,印表機,硬碟相關,POS機系統,穿戴式裝置,電子製造服務,電腦系統業,家電",金寶集團旗下消費性電子代工廠,上市
2317,鴻海,其他電子,"電動車,車輛整車,車用電子,連接器,電子零件元件,桌上型電腦,伺服器,筆記型電腦製造,顯示器,通訊設備,衛星通訊設備,手機,手機製造,雲端科技,Internet技術與基礎設施,視訊轉換相關,遊戲機,平板電腦,語音助理,消費性電子產品,週邊產品,印表機,電子書閱讀器,穿戴式裝置,電子製...",全球最大EMS電子專業代工廠,上市
2354,鴻準,其他電子,"電子零件元件,散熱模組,鎂鋁合金,電子製造服務,電腦系統業",鴻海旗下散熱模組及鋁鎂合金廠,上市
2359,所羅門,其他電子,"面板業,LCM,電子元件代理商,電子通路,軟體業,電機,自動化設備,機器人,機械,電力設備",電子零組件專業代理商,上市
2360,致茂,其他電子,"設備儀器商,量測儀器",全球知名的自動測試設備品牌大廠,上市
2373,震旦行,其他電子,"家居用品,辦公室傢俱,電子其他,辦公用品設備",台灣最大的辦公設備與辦公家俱通路商,上市
2390,云辰,其他電子,"系統整合,軟體業,消費性電子產品,安全監控",從事智慧安防系統及智慧控制系統業務,上市
2404,漢唐,其他電子,"電子其他,無塵室工程",台積電最大的無塵室供應商,上市
2423,固緯,其他電子,"設備儀器商,量測儀器",台灣知名的電子量測儀器廠,上市
2433,互盛電,其他電子,"電子其他,事務機器",日本理光辦公事務機器之台灣代理商,上市
2459,敦吉,其他電子,"檢測驗證服務,電子元件代理商,電子通路,設備儀器商",經營通路、製造、驗證三大事業群,上市
2461,光群雷,其他電子,"面板零組件,光學膜,電子其他",全球重要知名雷射全像材料整合供應商,上市
2464,盟立,其他電子,"半導體製程設備,軟體業,軟體通路／代理,設備儀器商,面板設備,自動化設備,機器人,機械",台灣工業自動化設備廠,上市
2474,可成,其他電子,"電子零件元件,鎂鋁合金",台灣知名的金屬機殼製造大廠,上市
2477,美隆電,其他電子,"電子零件元件,音響設備及零件",台灣最大音箱及揚聲器製造廠之一,上市
2482,連宇,其他電子,"週邊產品,IC讀卡機",台灣讀卡機等電子支付交易設備廠,上市
2488,漢平,其他電子,"電子零件元件,音響設備及零件",台灣娛樂音訊產品ODM製造商,上市
3018,隆銘綠能,其他電子,"電子其他,無塵室工程,營建,地產",台灣無塵室及工廠、住宅機電系統整合工程之大廠,上市
3030,德律,其他電子,"PCB相關設備,設備儀器商",電路板組裝檢測設備大廠,上市
3043,科風,其他電子,"UPS,電子零件元件",不斷電系統和電力保護產品品牌廠商,上市
3305,昇貿,其他電子,"PCB材料,金、錫凸塊,印刷電路板相關,封測服務與材料",半導體封裝材料之錫膏、錫球生產商,上市
3518,柏騰,其他電子,"機殼表面處理,電子零件元件",為台灣第一家具備低溫真空濺鍍之專業廠商,上市
3617,碩天,其他電子,"UPS,電子零件元件,週邊產品",北美地區UPS市場前三大品牌之一,上市
3665,貿聯-KY,其他電子,"連接器,電子零件元件,連接線材,電線電纜,電子線",Tesla電池線束主力供應商,上市
4585,達明,其他電子,"機器人,機械",全球第二大協作型機器人製造商,上市
4588,玖鼎電力,其他電子,"電氣自控設備,儀表,機械,電力設備",國內智慧電表大廠,上市
5225,東科-KY,其他電子,"電子零件元件,音響設備及零件",全球最大影音揚聲器OEM製造商,上市
6139,亞翔,其他電子,"電子其他,無塵室工程",台灣無塵室及機電系統整合服務等製造商,上市
6192,巨路,其他電子,"電子元件代理商,電子通路,設備儀器商",程控儀錶與電子材料通路商,上市
6196,帆宣,其他電子,"電子其他,半導體製程設備,系統整合,軟體業,設備儀器商,無塵室工程",專注於設備工程及耗材代理的廠商,上市
6201,亞弘電,其他電子,"電子零件元件,音響設備及零件,小家電,家電",音訊及小家電ODM大廠,上市
6215,和椿,其他電子,"自動化設備,叉車／輸送設備,軸承／滑軌,機械",專業的自動化設備零組件、光電製程之工業製造商,上市
6283,淳安,其他電子,"車用電子,鍵盤,數位相機,光學鏡片/頭,週邊產品",鍵盤導電薄膜與車載鏡頭製造商,上市
6409,旭隼,其他電子,"UPS,電子零件元件,太陽能,PV Inverter",台灣UPS及PV Inverter之ODM製造廠商,上市
6438,迅得,其他電子,"PCB相關設備,半導體製程設備,設備儀器商",主要為PCB相關之自動化設備供應商,上市
6558,興能高,其他電子,"消費用電池,電子零件元件",以穿載式應用為主的鋰電池廠商,上市
6658,聯策,其他電子,"PCB相關設備,設備儀器商",電路板外觀檢測領域知名企業,上市
6691,洋基工程,其他電子,"電子其他,無塵室工程",高科技廠房無塵室統包及節能工程服務商,上市
6698,旭暉應材,其他電子,"其他電子零件,電子零件元件,半導體製程設備,設備儀器商",高精細金屬遮罩、微波及半導體零件生產商,上市
6743,安普新,其他電子,"電聲產品,耳機",音樂娛樂或電競用耳機製造商,上市
6830,汎銓,其他電子,"檢測驗證服務,設備儀器商",半導體材料分析服務龍頭,上市
8021,尖點,其他電子,"雷射鑽孔機、鑽頭,印刷電路板相關,電子製造服務,電腦系統業",全球前三大PCB鑽針生產商之一,上市
8201,無敵,其他電子,"車用電子,系統整合,軟體業,雲端科技,Internet技術與基礎設施,消費性電子產品",英業達轉投資電子辭典公司,上市
8499,鼎炫-KY,其他電子,"其他電子零件,電子零件元件,儀表,機械",電子衡器及EMI導電材料生產商,上市
1316,上曜,建材營造,"PU樹脂,化學工業,食品加工,保健食品,營建,地產",上曜集團旗下豪宅品牌,上市
1436,華友聯,建材營造,"營建,地產",以市地重劃為基礎且針對首購族市場的建商,上市
1438,三地開發,建材營造,"營建,地產",開發以台南及高雄地區為主力的建商,上市
1439,雋揚,建材營造,"資產股,營建,地產,物業投資發展",國揚集團旗下，著重開發危老及都更計畫,上市
1442,名軒,建材營造,"營建,地產",麗寶集團旗下成員,上市
1453,大將,建材營造,"營建,地產",主要經營營建開發及紡織買賣,上市
1456,怡華,建材營造,"營建,地產",元邦集團旗下，為綜合性紡織廠及營建商,上市
1472,三洋實業,建材營造,"基礎建設,營造工程",承建公共工程、商辦、住宅等營造工程,上市
1805,寶徠,建材營造,"營建,地產",知名建案「寶徠花園廣場」建商,上市
1808,潤隆,建材營造,"營建,地產",興富發集團旗下建商,上市
2442,新美齊,建材營造,"營建,地產",著重於高質感不動產開發,上市
2501,國建,建材營造,"營建,地產",屬霖園集團之台灣老牌營建開發業者,上市
2504,國產,建材營造,"水泥,預拌混凝土,資產股",台灣知名預拌混凝土大廠,上市
2505,國揚,建材營造,"營建,地產",整合百貨、飯店、休閒、地產的營建商,上市
2506,太設,建材營造,"營建,地產,物業投資發展",多角化經營建設、百貨及休閒等事業,上市
2509,全坤建,建材營造,"營建,地產",推案集中於大台北地區的建商,上市
2511,太子,建材營造,"營建,地產,旅宿／餐飲,飯店",統一集團旗下建商,上市
2515,中工,建材營造,"配電工程,電力設備,住宅建設,基礎建設,營造工程",威京集團旗下，建築工程廠商,上市
2516,新建,建材營造,"住宅建設,基礎建設,營造工程",主要承攬公共工程為主之營造廠商,上市
2520,冠德,建材營造,"營建,住宅建設,地產,營造工程",大台北地區的中大型建商,上市
2524,京城,建材營造,"營建,地產",高雄地區知名建商,上市
2527,宏璟,建材營造,"營建,地產",日月光集團旗下建商,上市
2528,皇普,建材營造,"營建,地產",以大台北地區推案為主的建商,上市
2530,華建,建材營造,"營建,地產",推案集中於大台北地區的建商,上市
2534,宏盛,建材營造,"營建,地產,物業投資發展",宏泰集團旗下建商，以仁愛帝寶豪宅推案而知名,上市
2535,達欣工,建材營造,"住宅建設,基礎建設,營造工程",台灣主要甲級營造廠之一,上市
2536,宏普,建材營造,"營建,地產",推案集中於大台北地區之建商,上市
2537,聯上發,建材營造,"營建,地產",聯上建築集團旗下負責大台北及桃園地區推案的建商,上市
2538,基泰,建材營造,"營建,地產",推案集中於大台北地區之建商,上市
2539,櫻花建,建材營造,"營建,地產",推案集中於大台中地區之建商,上市
2540,愛山林,建材營造,"房屋仲介,住宅建設,地產,營造工程",甲山林旗下建商及代銷商,上市
2542,興富發,建材營造,"營建,地產",台灣前十大推案建商,上市
2543,皇昌,建材營造,"基礎建設,營造工程",主要承攬公共工程之營造廠,上市
2545,皇翔,建材營造,"營建,地產",推案集中於大台北地區建商，知名推案為皇翔御琚,上市
2546,根基,建材營造,"住宅建設,基礎建設,營造工程",冠德旗下，住宅及土木工程營造廠,上市
2547,日勝生,建材營造,"流通業,百貨業,營建,地產,物業投資發展",以政府開發案起家，橫跨建築、百貨及觀光的中型建商,上市
2548,華固,建材營造,"營建,地產",大台北地區中型建商，並轉向地上權開發,上市
2597,潤弘,建材營造,"建材,住宅建設,基礎建設,營造工程",潤泰集團旗下，營造廠商,上市
2923,鼎固-KY,建材營造,"營建,地產,物業投資發展",日月光轉投資的房地產開發商,上市
3052,夆典,建材營造,"營建,水電消防工程,地產,營造工程",提供工程整合服務之廠商,上市
3056,富華新,建材營造,"控股公司,營建,地產",推案集中於中部地區之建商,上市
3266,昇陽,建材營造,"營建,地產",推案集中於大台北地區之建商,上市
3703,欣陸,建材營造,"控股公司,營建,住宅建設,基礎建設,地產,營造工程,環保工程",由大陸建設換股成立之建設、營造控股公司,上市
5515,建國,建材營造,"住宅建設,基礎建設,營造工程",建築統包工程服務商,上市
5519,隆大,建材營造,"營建,地產",綜合營造及住宅大樓開發商,上市
5521,工信,建材營造,"基礎建設,營造工程",台灣前十大營造廠,上市
5522,遠雄,建材營造,"營建,地產",以營建地產、休閒娛樂為核心的企業集團,上市
5525,順天,建材營造,"營建,地產,物業投資發展",台中地區建商,上市
5531,鄉林,建材營造,"營建,地產,旅宿／餐飲,飯店",推案以中部地區為主之建商，並跨足觀光旅館經營,上市
5533,皇鼎,建材營造,"營建,地產",主要於大台北地區推案的建商,上市
5534,長虹,建材營造,"營建,地產",以廠辦及住宅開發案為主之建商,上市
5546,永固-KY,建材營造,"水泥,預拌混凝土",大陸重慶地區預拌混凝土領導廠商,上市
6177,達麗,建材營造,"營建,地產",推案集中於林口、竹北、高雄等地，近年業務拓展至美國西雅圖,上市
9906,欣巴巴,建材營造,"營建,地產",高雄巴巴集團旗下建商,上市
9946,三發地產,建材營造,"營建,地產",全心投控轉投資公司，以都會區為主要開發標的,上市
2208,台船,航運業,"造船業,機械",台灣第一大造船公司,上市
2603,長榮,航運業,"貨櫃航運,運輸事業",全球前七大貨櫃航商，且為台灣最大,上市
2605,新興,航運業,"散裝航運,油輪,運輸事業",台灣前四大散裝船商,上市
2606,裕民,航運業,"散裝航運,油輪,運輸事業",台灣最大散裝航運公司之一,上市
2607,榮運,航運業,"加油站,其他公用事業,資產股,倉儲/貨櫃場,陸運,客運,運輸事業,物流業",長榮集團旗之內陸貨櫃運輸及倉儲服務業者,上市
2608,嘉里大榮,航運業,"倉儲/貨櫃場,陸運,運輸事業,物流業",台灣大型物流貨運公司，港資嘉里物流為最大股東,上市
2609,陽明,航運業,"貨櫃航運,運輸事業",台灣第二大貨櫃海運公司,上市
2610,華航,航運業,"空運,運輸事業",台灣前兩大航空公司,上市
2611,志信,航運業,"流通業,貿易,陸運,運輸事業,營建,地產,旅宿／餐飲,飯店",多角化經營陸運、加油站、營建、飯店業務,上市
2612,中航,航運業,"倉儲/貨櫃場,散裝航運,陸運,運輸事業,物流業",台灣散裝航運業者，且是具規模的貨櫃運輸業者,上市
2613,中櫃,航運業,"倉儲/貨櫃場,運輸事業",在台灣北、中、南擁有貨櫃集散場之公司,上市
2615,萬海,航運業,"貨櫃航運,運輸事業",亞洲大型貨櫃輪航商,上市
2617,台航,航運業,"散裝航運,水上運輸,運輸事業",大股東為中航之散裝航運業者,上市
2618,長榮航,航運業,"空運,運輸事業",台灣前兩大航空公司,上市
2630,亞航,航運業,"飛機零件/製造,機械",台灣專業航空器修護公司,上市
2633,台灣高鐵,航運業,"鐵路運輸,運輸事業",台灣高速鐵路運輸服務公司,上市
2634,漢翔,航運業,"航天軍工,航天機械零組件,飛機零件/製造,機械",台灣航太產業領導者,上市
2636,台驊控股,航運業,"運輸事業,物流業",台灣第一家海運承攬上市公司，為物流控股公司,上市
2637,慧洋-KY,航運業,"散裝航運,運輸事業",台灣具規模的散裝船隊船東之一,上市
2642,宅配通,航運業,"陸運,運輸事業,物流業",東元與日本通運合資成立的宅配服務業者,上市
2645,長榮航太,航運業,"航天軍工,航天機械零組件,飛機零件/製造,機械",長榮航旗下，全球十大飛機維修公司之一,上市
2646,星宇航空,航運業,"空運,運輸事業",主要提供國際間客、貨運輸服務,上市
5607,遠雄港,航運業,"控股公司,倉儲/貨櫃場,運輸事業,物流業,地產,物業投資發展",一家控股公司，並經營海、陸、空聯運之自由貿易港區,上市
5608,四維航,航運業,"散裝航運,運輸事業",以輕型散裝船為主的散裝航運業者,上市
6753,龍德造船,航運業,"造船業,機械",台灣民營造船業者,上市
6757,台灣虎航,航運業,"空運,運輸事業",華航旗下的廉價航空公司,上市
8367,建新國際,航運業,"倉儲/貨櫃場,陸運,運輸事業,物流業",台灣從事貨櫃場服務之業者,上市
2701,萬企,觀光餐旅,"地產,物業投資發展,休閒娛樂,電影院／劇院",經營商場租賃、電影院及遊樂場業務,上市
2702,華園,觀光餐旅,"旅宿／餐飲,飯店",位於高雄六合夜市及愛河中心點的國際觀光飯店,上市
2704,國賓,觀光餐旅,"旅宿／餐飲,飯店,餐飲",知名飯店及米其林餐廳業者,上市
2705,六福,觀光餐旅,"資產股,旅宿／餐飲,飯店,休閒娛樂,主題樂園",集團旗下擁有遊樂園、渡假飯店及五星級飯店,上市
2706,第一店,觀光餐旅,"地產,物業投資發展,旅宿／餐飲,飯店",位於台北市南京東路精華地帶之飯店,上市
2707,晶華,觀光餐旅,"旅宿／餐飲,飯店",國際五星級觀光飯店,上市
2712,遠雄來,觀光餐旅,"旅宿／餐飲,飯店",遠雄旗下位於花蓮海洋公園旁之五星級飯店,上市
2722,夏都,觀光餐旅,"旅宿／餐飲,飯店",官田鋼轉投資，位於台灣墾丁之觀光渡假飯店,上市
2723,美食-KY,觀光餐旅,"食品加工,穀類烘焙製品,旅宿／餐飲,休閒食品零售",以「85度C」為品牌之咖啡烘焙連鎖店,上市
2727,王品,觀光餐旅,"旅宿／餐飲,餐飲",連鎖餐飲集團，旗下擁有多個餐飲品牌,上市
2731,雄獅,觀光餐旅,"休閒娛樂,旅遊",台灣知名與規模最大的旅行社之一,上市
2739,寒舍,觀光餐旅,"旅宿／餐飲,飯店",在台北經營管理五星級飯店及餐飲服務之業者,上市
2748,雲品,觀光餐旅,"服務業,婚宴顧問,旅宿／餐飲,飯店",日月潭首家擁有天然溫泉的五星渡假飯店,上市
2753,八方雲集,觀光餐旅,"旅宿／餐飲,餐飲",台式連鎖餐飲集團，擁有八方雲集、梁社漢排骨,上市
5706,鳳凰,觀光餐旅,"休閒娛樂,旅遊",台灣首家上市旅行社，提供國內外全方位旅遊產品,上市
7705,三商餐飲,觀光餐旅,"旅宿／餐飲,餐飲",三商旗下，經營多品牌連鎖餐飲服務,上市
8940,新天地,觀光餐旅,"服務業,婚宴顧問,旅宿／餐飲,餐飲",於台灣北中南部擁有多家大型婚宴會館業者,上市
9943,好樂迪,觀光餐旅,休閒娛樂,台灣知名KTV業者,上市
2801,彰銀,金融保險,"銀行,金融業",台灣老牌銀行，為銀行界歷史悠久的三商銀之一,上市
2812,台中銀,金融保險,"銀行,金融業",中纖為大股東之中小型商業銀行,上市
2816,旺旺保,金融保險,"產險,金融業",台灣產險業第一家上市公司，後由旺旺集團入主,上市
2820,華票,金融保險,"票券,金融其他,金融業",台灣前三大票券商,上市
2832,台產,金融保險,"產險,金融業",台灣歷史最悠久的中小型產險公司,上市
2834,臺企銀,金融保險,"銀行,金融業",台灣六大泛公股銀行之一,上市
2836,高雄銀,金融保險,"銀行,金融業",高雄市政府為大股東之區域型銀行,上市
2838,聯邦銀,金融保險,"銀行,金融業",三重幫林榮三家族為大股東之民營銀行,上市
2845,遠東銀,金融保險,"銀行,金融業",遠東集團旗下之中小型商業銀行,上市
2849,安泰銀,金融保險,"銀行,金融業",私募基金隆力集團入主的中小型銀行,上市
2850,新產,金融保險,"產險,金融業",新光集團旗下，為台灣前三大產險公司,上市
2851,中再保,金融保險,"壽險,產險,再保險,金融業",長榮集團旗下，為台灣保險市場中唯一的本土再保險公司,上市
2852,第一保,金融保險,"產險,再保險,金融業",台灣排名前十大的產險公司,上市
2855,統一證,金融保險,"證券,金融業",為統一集團旗下券商，市佔排名前八大,上市
2867,三商壽,金融保險,"壽險,金融業",台灣排名前七大的壽險公司，隸屬三商集團,上市
2880,華南金,金融保險,"銀行,產險,證券,投信,金控,金融其他,資產管理,金融業",以銀行為主體公營金控公司，為台灣銀行界歷史悠久的三商銀之一,上市
2881,富邦金,金融保險,"銀行,壽險,產險,證券,投信,投資信託,金控,金融其他,資產管理,金融業",台灣資產規模前二大的金控公司，旗下擁有台灣最大產險公司,上市
2882,國泰金,金融保險,"銀行,壽險,產險,證券,投信,投資信託,金控,金融其他,資產管理,金融業",台灣資產規模前二大金控公司，旗下擁有台灣最大壽險公司,上市
2883,凱基金,金融保險,"銀行,證券,金控,金融業",以投資銀行業務為主之金控，並藉購併跨入證券與商業銀行領域,上市
2884,玉山金,金融保險,"銀行,保險經紀,證券,金控,金融其他,金融業",以玉山銀行為主體的金控公司,上市
2885,元大金,金融保險,"銀行,證金公司,證券,投信,投資信託,金控,金融其他,資產管理,金融業",以證券為主體金控公司，旗下元大證券為台灣最大券商,上市
2886,兆豐金,金融保險,"銀行,產險,票券,證券,投信,金控,金融其他,資產管理,金融業",具有國營背景的金控公司，旗下銀行為台灣主要企業聯貸銀行,上市
2887,台新新光金,金融保險,"銀行,壽險,保險經紀,證券,投信,金控,金融其他,資產管理,金融業",以消費金融業務為主體之台灣金控公司,上市
2889,國票金,金融保險,"票券,證券,金控,金融其他,金融業",台灣唯一以票券業務為主體之金控公司,上市
2890,永豐金,金融保險,"銀行,證券,投信,金控,租賃,金融其他,資產管理,金融業",以銀行為主體的的大型金控，旗下另有證券、投信業務,上市
2891,中信金,金融保險,"銀行,壽險,保險經紀,證券,投信,投資信託,金控,資產管理,金融業,保全業,服務業",台灣資產規模前四大金控公司，旗下中信銀為最大信用卡發卡銀行,上市
2892,第一金,金融保險,"銀行,壽險,證券,投信,金控,金融其他,資產管理,金融業",台灣前三大官股金控公司，旗下銀行為業界歷史悠久的三商銀之一,上市
2897,王道銀行,金融保險,"銀行,金融業",前身為台灣工業銀行，台灣第一家數位銀行,上市
5876,上海商銀,金融保險,"銀行,金融業",唯一自大陸遷台復業的民營銀行,上市
5880,合庫金,金融保險,"銀行,壽險,票券,證券,投信,金控,資產管理,金融業",具有國營背景的金控公司，金融資產規模排名前六大,上市
6005,群益證,金融保險,"證券,金融業",台灣證券經紀市佔排名前五大之獨立券商,上市
6024,群益期,金融保險,"證券,金融業",群益金融集團旗下的期貨公司，台灣市場排名前三大,上市
2601,益航,貿易百貨,"流通業,百貨業,散裝航運,運輸事業",從事散裝航運，在大陸持有大洋百貨,上市
2901,欣欣,貿易百貨,"流通業,百貨業,資產股,地產,物業投資發展",位於台北市中山區精華地段之百貨業者，退撫會為最大股東,上市
2903,遠百,貿易百貨,"流通業,百貨業,量販店、大賣場",隸屬遠東集團，合併SOGO百貨成為台灣百貨業龍頭,上市
2905,三商,貿易百貨,控股公司,轉投資子公司業務包含零售業、餐飲、壽險、製藥等,上市
2906,高林,貿易百貨,"醫療器材通路,流通業,貿易,家居相關用品通路,成衣,成衣銷售/零售",為國內知名貿易商，並代理G2000等多項品牌服飾,上市
2908,特力,貿易百貨,"流通業,貿易,量販店、大賣場,家居相關用品通路",海內外家居用品貿易商，擁有特力屋、HOLA零售品牌,上市
2910,統領,貿易百貨,"流通業,百貨業,營建,地產",由百貨公司跨足至營建之業者,上市
2911,麗嬰房,貿易百貨,"傳產其他,玩具,嬰童用品",台灣嬰幼童服飾第一大品牌,上市
2912,統一超,貿易百貨,"便利商店,流通業",經營7-11為台灣超商龍頭，隸屬統一集團,上市
2913,農林,貿易百貨,"流通業,貿易,農林漁牧,農產品種植,食品加工,茶葉與咖啡相關,資產股",台灣茶葉產製銷一條龍企業,上市
2915,潤泰全,貿易百貨,"流通業,貿易,成衣,成衣銷售/零售,織布業,紡織中游,控股公司",潤泰集團旗下，經營紡織貿易、零售事業之控股公司,上市
2929,淘帝-KY,貿易百貨,"傳產其他,嬰童用品",為中國大陸童裝前十大品牌廠,上市
2939,永邑-KY,貿易百貨,"流通業,貿易,家居相關用品通路",生活應用產品開發供應商,上市
2945,三商家購,貿易百貨,"流通業,連鎖超市",三商旗下社區型連鎖超市業者,上市
4807,日成-KY,貿易百貨,"時尚產業,珠寶",泰國前三大珠寶ODM 及OEM廠商,上市
5906,台南-KY,貿易百貨,"成衣,成衣銷售/零售,運動產業,運動鞋",代理FILA、Reebok品牌,上市
5907,大洋-KY,貿易百貨,"流通業,百貨業",益航轉投資在大陸從事百貨零售之企業,上市
8429,金麗-KY,貿易百貨,"成衣,成衣銷售/零售,傳產其他,製鞋業",大陸三、四線城市中低價品牌服飾與休閒鞋業者,上市
8443,阿瘦,貿易百貨,"傳產其他,製鞋業",台灣第一家掛牌的鞋業自有品牌業者,上市
2616,山隆,油電燃氣,"加油站,其他公用事業,陸運,運輸事業",台灣知名加油站運營商,上市
6505,台塑化,油電燃氣,"烯烴類,石化業,煉油,石油及天然氣,油品儲運/分銷",台灣最大的民營輕油裂解廠,上市
8926,台汽電,油電燃氣,"電力,汽電共生",為一開發、投資、興建及營運汽電共生廠及民營電廠,上市
9908,大台北,油電燃氣,"石油及天然氣,天然氣",主要經營台北市信義、松山等地區之天然氣業者,上市
9918,欣天然,油電燃氣,"石油及天然氣,天然氣",主要經營新北市中和、永和、新店、深坑之天然氣業者,上市
9926,新海,油電燃氣,"石油及天然氣,天然氣",主要經營新北市三重、板橋及新莊區之天然氣業者,上市
9931,欣高,油電燃氣,"石油及天然氣,天然氣",主要經營高雄市三民、左營等營業區之天然氣業者,上市
9937,全國,油電燃氣,"加油站,其他公用事業",台灣知名加油站經營商，站數逾百座,上市
3708,上緯投控,綠能環保,"合成樹脂,化學工業,傳產其他,複合材料",全球第二、亞洲最大環保耐蝕樹脂商,上市
5292,華懋,綠能環保,"污染控制設備,機械,營造工程,環保工程",VOCs揮發性有機廢氣防治處理設備工程服務商,上市
6581,鋼聯,綠能環保,"傳產其他,回收、焚化相關",亞洲最大電弧爐集塵灰之鋅資源回收廠,上市
6641,基士德-KY,綠能環保,"水資源,水資源設備/耗材,幫浦,通用機械,機械",大陸水處理環保設備與技術服務綜合服務商,上市
6806,森崴能源,綠能環保,"電力公共事業,配電工程,電力設備,營造工程,工程顧問",正崴集團旗下，能源工程及整合服務商,上市
6869,雲豹能源,綠能環保,"電力公共事業,水資源,污水處理,電力,太陽能發電,太陽能,太陽能系統運用,工業用電池,電力設備",再生能源一站式整合服務商,上市
6873,泓德能源,綠能環保,"電力,太陽能發電,太陽能,太陽能系統運用",太陽能系統整合商,上市
6887,寶綠特-KY,綠能環保,"聚酯纖維,瓶用聚酯粒,化纖原料,傳產其他,回收、焚化相關",再生聚酯產業鍊資源與技術整合者,上市
6923,中台,綠能環保,"傳產其他,回收、焚化相關,營造工程,環保工程",可寧衛轉投資之國內首家廢光源處理廠,上市
6944,兆聯實業,綠能環保,"水資源,污水處理,水資源設備/耗材",台灣純水及廢水回收系統規劃設計之工程公司,上市
6994,富威電力,綠能環保,"電力公共事業,營造工程,工程顧問",森崴能源旗下綠電交易平台,上市
8341,日友,綠能環保,"傳產其他,回收、焚化相關",潤泰新轉投資之台灣最大醫療廢棄物處理廠商之一,上市
8438,昶昕,綠能環保,"傳產其他,回收、焚化相關,半導體化學品",台灣主要PCB廢液處理商，市佔超過8成,上市
8473,山林水,綠能環保,"水資源,海水淡化,污水處理,傳產其他,回收、焚化相關,營造工程,環保工程",力麒旗下水處理工程公司,上市
8476,台境*,綠能環保,"營造工程,環保工程",專注發展土壤、地下水領域的環保工程服務商,上市
9930,中聯資源,綠能環保,"水泥,高爐水泥,傳產其他,回收、焚化相關",主營採用中鋼爐石粉製造高強度水泥,上市
9955,佳龍,綠能環保,"傳產其他,回收、焚化相關",台灣一貫化電子廢棄物處理廠,上市
3130,一零四,數位雲端,"服務業,人力資源",台灣人力資源網站第一品牌,上市
6165,浪凡,數位雲端,"Internet應用與服務,串流媒體",主要經營「浪LIVE」直播平台,上市
6689,伊雲谷,數位雲端,"雲端科技,Internet技術與基礎設施",台灣雲端託管服務龍頭廠商,上市
6902,GOGOLOOK,數位雲端,"軟體業,應用軟體",全球數位防詐及風險管理服務商,上市
6906,現觀科,數位雲端,"軟體業,應用軟體",專注與電信業者合作提供數據分析平台領域,上市
7721,微程式,數位雲端,"系統整合,軟體業",IOT科技服務及電子支付設備供應商,上市
7722,LINEPAY,數位雲端,"電子支付,軟體業",台灣行動支付領導品牌,上市
7765,中華資安,數位雲端,"資訊安全,軟體業",中華電信轉投資，資安專業服務公司,上市
8454,富邦媒,數位雲端,"Internet應用與服務,電商平台",台灣網路購物龍頭平台,上市
1432,大魯閣,運動休閒,"流通業,百貨業,休閒娛樂",經營型娛樂購物中心事業,上市
1598,岱宇,運動休閒,"家居用品,傢俱,健身器材,運動產業",全球前三大家用健身器材廠商,上市
1736,喬山,運動休閒,"健身器材,運動產業",全球最大商用健身器材、前三大家用健身器材廠商,上市
2762,世界健身-KY,運動休閒,"休閒娛樂,俱樂部",主要經營會員制連鎖健身中心,上市
4536,拓凱,運動休閒,"航天軍工,傳產其他,複合材料,運動產業,運動用品",全球知名碳纖維網球拍生產商,上市
5306,桂盟,運動休閒,"汽機車零組件,引擎相關,自行車零件,機械",全球最大的鏈條製造商,上市
6670,復盛應用,運動休閒,"高爾夫球桿頭,運動產業",全球最大之高爾夫球桿頭製造商,上市
6768,志強-KY,運動休閒,"傳產其他,鞋材",足球鞋代工製造龍頭大廠,上市
6890,來億-KY,運動休閒,"傳產其他,鞋材",專為國際品牌代工製造鞋廠,上市
6965,中傑-KY,運動休閒,"傳產其他,鞋材",國際品牌代工製鞋廠,上市
8462,柏文,運動休閒,"休閒娛樂,俱樂部",台灣連鎖健身俱樂部業者,上市
8467,波力-KY,運動休閒,"傳產其他,複合材料,運動產業,運動用品",全球最大碳纖維冰上曲棍球桿製造廠,上市
8478,東哥遊艇,運動休閒,"造船業,機械",亞洲地區唯一擁有自有品牌之遊艇製造商,上市
9802,鈺齊-KY,運動休閒,"傳產其他,鞋材",主要從事各種功能鞋款代工研發的廠商,上市
9904,寶成,運動休閒,"控股公司,傳產其他,製鞋業,鞋材,運動產業,運動用品",全球運動鞋及休閒鞋代工龍頭,上市
9910,豐泰,運動休閒,"傳產其他,製鞋業,鞋材,運動產業,運動鞋",全球知名運動鞋代工廠,上市
9914,美利達,運動休閒,"車輛整車,自行車,自行車零件,機械",台灣第二大自行車生產廠商,上市
9921,巨大,運動休閒,"車輛整車,自行車,自行車零件,機械",全球最大自行車生產廠商,上市
2062,橋椿,居家生活,"家居用品,水龍頭",全球最大鋅合金水龍頭零組件廠,上市
3557,嘉威,居家生活,家居用品,家居餐飲用品生產及銷售商,上市
6671,三能-KY,居家生活,傳產其他,專業烘培器具製造商,上市
6754,匯僑設計,居家生活,"設計裝潢,營造工程",主要從事建築室內設計及裝潢裝修工程,上市
6807,峰源-KY,居家生活,"家居用品,傢俱",室內傢俱研發生產銷售商,上市
8464,億豐,居家生活,"家居用品,窗簾",全球窗簾製造大廠,上市
8482,商億-KY,居家生活,"家居用品,傢俱",主要出口至北美的高端室內傢俱製造商,上市
9911,櫻花,居家生活,"家居用品,廚具",台灣最大系統廚具連鎖通路品牌,上市
9924,福興,居家生活,"家居用品,鎖",亞洲最大，全球第二大門鎖廠商,上市
9934,成霖,居家生活,"家居用品,衛浴設備,水龍頭",亞洲最大水龍頭專業製造廠商,上市
9935,慶豐富,居家生活,"家居用品,窗簾",台灣第一大窗簾傢飾廠,上市
1342,八貫,其他,"塑膠皮布,石化業",台灣機能性皮布料及薄膜製造商,上市
1416,廣豐,其他,"資產股,軟體業,應用軟體",專注金融業應用系統開發,上市
1435,中福,其他,"資產股,地產,物業投資發展",主要從事物業及廠房租賃，並多元發展各種事業,上市
1437,勤益控,其他,"毛紡,紡織中游,控股公司,資產股,地產,物業投資發展",投資控股公司，從事地產、紡織貿易及投資事業,上市
1443,立益物流,其他,"流通業,貿易,運輸事業,物流業",從事物流倉儲服務及經營房地產,上市
1516,川飛,其他,"汽機車零組件,車用電池,煤,電子元件代理商,電子通路",從事電子零組件買賣，並跨足電動車電池導電柄,上市
2348,海悅,其他,"營建,房屋仲介,地產",台灣房屋代銷龍頭業者,上市
2496,卓越,其他,"服務業,教育事業",為補教教育服務商，旗下擁有陳立補習班,上市
2514,龍邦,其他,"營建,住宅建設,地產,營造工程",中部地區首家上市建商,上市
2614,東森,其他,"傳產其他,寵物用品,傳播事業,有線電視,倉儲/貨櫃場,運輸事業",主要從事寵物用品通路、新聞網站、倉儲業務,上市
2904,匯僑,其他,"石油及天然氣,油品儲運/分銷,電力,太陽能發電",台灣專業的石化倉儲廠,上市
3040,遠見,其他,"消費性電子產品,地產,物業投資發展",從事品牌授權、物業租賃及加值型服務,上市
5284,jpp-KY,其他,"模具沖壓,電子零件元件",客製化精密金屬機構件供應商,上市
5871,中租-KY,其他,"汽車融資,汽車服務相關,車輛整車,租賃,金融業,控股公司",台灣租賃業龍頭公司,上市
6184,大豐電,其他,"傳播事業,有線電視",新北市最大有線電視公司,上市
6464,台數科,其他,"傳播事業,有線電視",台灣唯一由本土有線電視業者成立的多系統經營者,上市
6504,南六,其他,"其他醫療器材,個人保護用器材,不織布,紡織中游",亞洲最大的水針不織布廠商之一,上市
6585,鼎基,其他,"PU樹脂,熱熔膠,化學工業",全球前三大TPU產品生產商,上市
6592,和潤企業,其他,"汽車融資,車輛整車,租賃,金融業",和泰旗下車輛融資及租賃公司,上市
6625,必應,其他,"傳播事業,影音娛樂",台灣最大的娛樂影音活動製作公司,上市
6655,科定,其他,"建材,複合板",主要從事木製板材之製造商,上市
6901,鑽石投資,其他,"醫藥產業,生物科技,新藥研發,金融其他,資產管理,金融業",台灣大型永續型生技創投公司,上市
6914,阜爾運通,其他,"其他公用事業,停車場",主要從事停車場自動化設備製造及銷售、停車場收費及管理服務,上市
6952,大武山,其他,"農林漁牧,家畜／家禽,食品加工,餅乾製品",台灣前三大雞蛋供應商之一,上市
6957,裕慶-KY,其他,"傳產其他,金屬加工/製品",商用展示架及電動床機構件研發商,上市
6958,日盛台駿,其他,"汽車融資,車輛整車,租賃,金融業",台灣第四大租賃業公司,上市
8033,雷虎,其他,"手術與治療用醫材,動力手術器具,航天軍工,航空器、飛機,傳產其他,玩具",全球前五大遙控模型玩具廠,上市
8404,百和興業-KY,其他,"織布業,黏扣帶,紡織中游,傳產其他,鞋材,營建,地產",全球最大黏扣帶製造商,上市
8411,福貞-KY,其他,"傳產其他,製罐,瓶蓋",大陸專業金屬包裝產品供應大廠,上市
8442,威宏-KY,其他,"傳產其他,手提箱,運動產業,運動用品,時尚產業,精品",為全球知名運動用品及精品包袋代工製造商,上市
8463,潤泰材,其他,"水泥,高爐水泥,設計裝潢,營造工程",潤泰集團旗下水泥及預拌式泥作材料大廠,上市
8466,美吉吉-KY,其他,"建材,複合板",全球知名塑膠地磚製造廠商,上市
8481,政伸,其他,"傳產其他,印刷業",全球最大自行車貼標印刷公司,上市
8488,吉源-KY,其他,"傳產其他,製罐",台商金屬飲料包材大廠,上市
9902,台火,其他,"流通業,貿易,汽車服務相關,車輛整車,特種車輛相關,資產股",進口轎車、垃圾車、建材貿易商，亦從事小客車租賃及建營開發,上市
9905,大華,其他,"傳產其他,製罐",台灣最大食品飲料綜合包裝容器廠,上市
9907,統一實,其他,"寶特瓶,化纖原料,傳產其他,製罐,冷軋鋼捲,板鋼",台灣馬口鐵第一大廠,上市
9917,中保科,其他,"保全業,服務業,消費性電子產品,安全監控",台灣最大的保全業者,上市
9919,康那香,其他,"不織布,紡織中游,家庭用紙,造紙業",為國內衛生棉及化妝棉、濕紙巾之製造龍頭企業,上市
9925,新保,其他,"保全業,服務業,消費性電子產品,安全監控",台灣第二大保全業者,上市
9927,泰銘,其他,"非鐵金屬,鉛",亞洲最大合金鉛製造廠商之一,上市
9928,中視,其他,"傳播事業,無線電視",台灣五家無線電視台之一,上市
9929,秋雨,其他,"傳產其他,印刷業,傳播事業,廣告",台灣第一家股票上市之印刷業者,上市
9933,中鼎,其他,"營造工程,工程顧問",台灣最大統包工程公司,上市
9938,百和,其他,"織布業,黏扣帶,紡織中游,傳產其他,鞋材",全球最大黏扣帶製造商,上市
9939,宏全,其他,"寶特瓶,化纖原料,包裝用紙,造紙業,傳產其他,瓶蓋",台灣最大的飲料包材及飲料代工製造商,上市
9940,信義,其他,"房屋仲介,地產",台灣主要房仲業者,上市
9941,裕融,其他,"汽車融資,汽車服務相關,車輛整車",裕隆集團旗下汽車融資業者,上市
9942,茂順,其他,"橡膠製品,油封,橡膠工業",台灣第一大、全球前五大密封元件製造商,上市
9944,新麗,其他,"家居用品,寢具,不織布,紡織中游",東南亞最大的樹脂棉製造商之一,上市
9945,潤泰新,其他,"水泥,營建,地產",潤泰集團旗下建商,上市
1264,德麥,食品,"流通業,食品飲料相關通路,食品加工,穀類烘焙製品,磨粉製品",台灣最大烘焙原物料供應商,上櫃
1294,漢田生技,食品,"生物科技,食品生技",台灣知名的液劑、晶凍保健食品代工廠,上櫃
1295,生合,食品,"生物科技,食品生技",台灣專精乳酸菌研發與生產製造商,上櫃
1796,金穎生技,食品,"生物科技,食品生技",為醱酵原料及保健品廠商,上櫃
4205,中華食,食品,食品加工,中華豆腐及豆花製造廠,上櫃
4207,環泰,食品,"製糖,食品加工,大宗物資,食品添加劑",台灣三大果糖廠之一,上櫃
6846,綠茵,食品,"生物科技,食品生技",台灣保健食品原料製造商,上櫃
7743,金利食安,食品,"非酒精飲料,飲料相關",冷壓蔬果汁供應商,上櫃
4303,信立,塑膠,"塑膠皮布,石化業",台灣知名PU合成皮及PVC皮廠商,上櫃
4304,勝昱,塑膠,"膠帶,化學工業,塑膠加工,石化業",台灣EMI電磁波屏隔材料第一大廠,上櫃
4305,世坤,塑膠,"塑膠皮布,石化業",專業PVC軟質膠布廠,上櫃
9950,萬國通,塑膠,"傳產其他,手提箱",台灣最大旅行箱製造商,上櫃
4401,東隆興,紡織纖維,"尼龍絲,化纖原料,聚酯紗,紡織中游",亞洲最大的尼龍66線紗供應商,上櫃
4402,郡都開發,紡織纖維,"織布業,紡織中游,太陽能,太陽能系統運用",經營紡織及太陽能電站業務,上櫃
4406,新昕纖,紡織纖維,"聚酯加工絲,化纖原料",為特殊規格加工絲的中小型假撚廠,上櫃
4413,飛寶企業,紡織纖維,"成衣,成衣製造,織布業,紡織中游",主要經營長纖布業務,上櫃
4417,金洲,紡織纖維,"魚網,紡織中游",全球第一大漁網生產商,上櫃
4420,光明,紡織纖維,"聚酯加工絲,化纖原料",宜進入主，經營功能性加工絲與環保訴求加工絲為主,上櫃
4432,銘旺實,紡織纖維,"成衣,成衣製造",主要客戶為Adidas、Reebok等運動服大廠,上櫃
4433,興采,紡織纖維,"成衣,成衣製造,織布業,紡織中游",首創環保咖啡紗的功能性布料領導商,上櫃
4442,竣邦-KY,紡織纖維,"織布業,紡織中游",亞洲知名布料供應商,上櫃
6506,雙邦,紡織纖維,"PU樹脂,化學工業,其他化工產品,織布業,紡織中游",塗佈貼合加工及特用化學原料供應商,上櫃
1570,力肯,電機機械,"手工具,機械",台灣氣動釘槍製造廠商,上櫃
1580,新麥,電機機械,"烘焙及食品飲料機械,機械",亞洲最大烘焙設備製造廠,上櫃
1586,和勤,電機機械,"汽機車零組件,車用金屬成型,車用沖壓件,模具沖壓,電子零件元件",台灣汽車及硬碟零件雙核心精沖技術大廠,上櫃
1591,駿吉-KY,電機機械,"螺絲螺帽,線材盤元",東南亞最大氣動式工業用槍釘供應商,上櫃
1599,宏佳騰,電機機械,"電動機車,機車,沙灘車,車輛整車",以自有品牌「AEON」沙灘車起家並跨入機車領域的業者,上櫃
2066,世德,電機機械,"螺絲螺帽,線材盤元",全球汽車大廠之第一階扣件及金屬零件供應商,上櫃
2067,嘉鋼,電機機械,"機械零組件,機械",台灣小型鑄件廠,上櫃
2070,精湛,電機機械,設備儀器商,全球扣件篩選設備大廠,上櫃
2230,泰茂,電機機械,"流通業,食品飲料相關通路,汽機車零組件,活塞",台灣第一大活塞環廠商,上櫃
2235,謚源,電機機械,"汽機車零組件,汽車空調,汽車內裝,車用冷卻系統",為車用水箱風扇製造商，堤維西為其最大股東,上櫃
3162,精確,電機機械,汽機車零組件,敏實集團旗下的車用鋁壓鑄零件供應商,上櫃
3226,龍鋒,電機機械,"車燈,汽機車零組件",台灣車燈及車用LED模組製造商,上櫃
3379,彬台,電機機械,"烘焙及食品飲料機械,機械",食品飲料機械設備供應大廠,上櫃
3426,台興,電機機械,"電子元件代理商,電子通路,電氣零件與設備,電力設備",台灣專業電磁閥製造商,上櫃
3685,元創精密,電機機械,汽機車零組件,車用導光板及沖焊零件供應商,上櫃
4502,健信,電機機械,"汽機車零組件,輪圈",台灣主要汽車鋼圈及鋁圈廠,上櫃
4503,金雨,電機機械,"傳產其他,自動販賣機,POS機系統,電腦系統業,車用充電相關,電力設備",台灣最大自動販賣機製造廠,上櫃
4506,崇友,電機機械,"電梯,建材",台灣前三大電梯製造商,上櫃
4510,高鋒,電機機械,"工具機,龍門機,機械",台灣從事生產切削機及龍門機廠商,上櫃
4513,福裕,電機機械,"工具機,龍門機,機械",台灣最大磨床廠商,上櫃
4523,永彰,電機機械,"汽機車零組件,汽車空調,汽車內裝,車用冷卻系統,電機,電氣開關設備,電力設備",汽車空調OEM廠商,上櫃
4527,方土霖,電機機械,"空調製冷,機械",台灣專業的中央空調系統冰水機組銷售商,上櫃
4528,江興鍛,電機機械,"汽機車零組件,車用鍛件,木床/車架,傳動系統,懸吊系統,車用金屬成型",台灣汽車傳動系統零件鍛造廠,上櫃
4533,協易機,電機機械,"工具機,機械",台灣沖床大廠,上櫃
4534,慶騰,電機機械,"傳產其他,金屬加工/製品",台灣粉末冶金及齒輪箱設計開發知名廠商,上櫃
4535,至興,電機機械,"汽機車零組件,汽車內裝,汽車座椅",台灣最大汽機車精密沖壓零件廠,上櫃
4538,大詠城,電機機械,"機械零組件,機械",台灣工具機鑄件廠,上櫃
4543,萬在,電機機械,"汽機車零組件,汽車空調,汽車內裝,車用冷卻系統",專供AM市場汽車空調與引擎冷卻系統零件製造廠,上櫃
4549,桓達,電機機械,"自動化設備,機械",台灣最大製程自動化感測器廠,上櫃
4550,長佳,電機機械,"配電工程,電力設備,水電消防工程,營造工程,休閒娛樂,俱樂部",專業的機電工程整合公司,上櫃
4558,寶緯,電機機械,"建材,金屬建材,非鐵金屬,鋁擠型",台灣加工鋁擠型及鋁窗生產廠,上櫃
4561,健椿,電機機械,"機械零組件,機械",台灣知名的工具機精密主軸製造廠,上櫃
4563,百德,電機機械,"工具機,機械",為台灣老字號的綜合加工機製造廠商,上櫃
4568,科際精密,電機機械,"家電零組件,家電,幫浦,機械",台灣微型泵浦大廠,上櫃
4580,捷流閥業,電機機械,"工業閥門,機械",專業閥門製造商,上櫃
4584,君帆,電機機械,"機械零組件,機械",大中華地區前三大油壓缸供應商,上櫃
6122,擎邦,電機機械,"配電工程,電力設備,基礎建設,水電消防工程,營造工程,工程顧問",整廠工程之承攬、規劃、設計、施工服務廠商,上櫃
6425,易發,電機機械,"半導體製程設備,IC檢測設備,設備儀器商,面板設備,其他產業機械,機械",深耕面板製程設備，並跨足半導體及動力電池設備之廠商,上櫃
6603,富強鑫,電機機械,"塑膠機械,機械",台灣塑膠射出機領導廠商,上櫃
6609,瀧澤科,電機機械,"工具機,機械",中日合資工具機生產廠商，以CNC車床為主,上櫃
6843,進典,電機機械,"工業閥門,機械",高階工業閥門製造商,上櫃
6982,大井泵浦,電機機械,"幫浦,機械",台灣老牌的水泵產品銷售商,上櫃
7642,昶瑞機電,電機機械,家電,台灣直流馬達吊扇製造商,上櫃
7709,榮田,電機機械,"工具機,龍門機,機械",東台旗下，立式車床領導大廠,上櫃
8027,鈦昇,電機機械,"半導體製程設備,設備儀器商,封測用設備",專業於半導體、主機板、高階基板材料等設備廠商,上櫃
8083,瑞穎,電機機械,"軸承／滑軌,機械",台灣軸承製造商，主要應用於車庫門、手推車等,上櫃
8107,大億金茂,電機機械,汽機車零組件,大億集團旗下之汽車零組件供應商,上櫃
8255,朋程,電機機械,"車用電子,分離式元件,二極體",全球燃油車發電機二極體龍頭之一,上櫃
9951,皇田,電機機械,汽車內裝,全球第二大汽車窗簾ODM廠,上櫃
2061,風青,電器電纜,"電線電纜,漆包線",台灣知名漆包線供應商,上櫃
1742,台蠟,化工,"石蠟,化學工業,食品加工,水產品加工,電力,太陽能發電",台灣唯一蠟品專業製造商,上櫃
3430,奇鈦科,化工,"化學工業,其他化工產品",台灣橡塑、UV化學添加劑生產廠,上櫃
4706,大恭,化工,"染料，顏料,化學工業",台灣最大合成顏料製造商,上櫃
4707,磐亞,化工,"衛生清潔用品,化學工業,其他化工產品",台灣主要從事生產界面活性劑廠商,上櫃
4711,永純,化工,"合成樹脂,化學工業",台灣生產酸醇樹脂製造廠商,上櫃
4714,永捷,化工,"PU樹脂,化學工業",台灣PU樹脂大廠,上櫃
4716,大立,化工,"合成樹脂,化學工業",台灣主要從事生產合成樹脂廠商,上櫃
4721,美琪瑪,化工,"電池材料相關,化學產品通路,正極材料,化學工業,其他化工產品",全球最大PTA氧化觸媒供應商，也生產正極材料,上櫃
4741,泓瀚,化工,"染料，顏料,化學工業",台灣最大噴墨打印墨水研發與製造公司,上櫃
4754,國碳科,化工,"化學工業,塗料,耐火材料,傳產其他",台灣防火材料研發及生產廠商,上櫃
4767,誠泰科技,化工,"熱熔膠,化學工業",自動化設備用熱熔膠製造商,上櫃
4768,晶呈科技,化工,"工業氣體,化學工業",半導體及光電特殊氣體供應商,上櫃
4772,台特化,化工,"工業氣體,化學工業",中美晶旗下，特氣供應商,上櫃
6509,聚和,化工,"化學工業,其他化工產品,傳產其他,文具",全球前三大自黏便條紙商、知名造紙化學品廠,上櫃
1565,精華,生技醫療,"隱形眼鏡,輔助與彌補用醫材",全球前五大隱形眼鏡製造廠，並擁有「帝康」自有品牌,上櫃
1777,生泰,生技醫療,"醫藥產業,原料藥",生達集團旗下開發及產製原料藥廠商,上櫃
1781,合世,生技醫療,"血壓計,診斷與監測用醫材",全球前三大電子式血壓計廠,上櫃
1784,訊聯,生技醫療,"生物科技,生技服務,時尚產業,美妝保養品",台灣第一大臍帶血銀行與幹細胞資料庫公司,上櫃
1788,杏昌,生技醫療,"醫療器材通路,洗腎器具,手術與治療用醫材",代理歐美日一線廠牌醫療器材為主,上櫃
1799,易威,生技醫療,"醫藥產業,原料藥,新藥研發,醫藥研發外包服務,學名藥",台灣特殊學名藥研發廠,上櫃
1813,寶利徠,生技醫療,"傳產其他,眼鏡",全球第三大PC(聚碳酸酯樹脂)光學鏡片商,上櫃
3118,進階,生技醫療,"生物科技,生技服務,體外診斷用醫材,檢驗試劑／紙,IVD檢驗儀器設備",台灣具規模的生醫實驗室儀器耗材通路商,上櫃
3176,基亞,生技醫療,"醫藥產業,西藥製劑,新藥研發,生物製劑,學名藥,體外診斷用醫材,檢驗試劑／紙",全球知名的核酸檢驗試劑和肝癌新藥研發廠,上櫃
3205,佰研,生技醫療,"生物科技,食品生技,流通業,食品飲料相關通路,食品加工,保健食品",透過克緹直銷有機食品及保健食品,上櫃
3218,大學光,生技醫療,"醫療服務,醫療管理服務",台灣最大視力健康連鎖集團,上櫃
4102,永日,生技醫療,"醫藥產業,生物科技,原料藥,生技特用化學品",永信集團旗下原料藥廠,上櫃
4105,東洋,生技醫療,"醫藥產業,西藥製劑,學名藥",專注研發微脂體、微球注射劑困難學名藥廠,上櫃
4107,邦特,生技醫療,"醫療耗材,洗腎器具,手術與治療用醫材,其他醫療器材",台灣血液迴路管、穿刺針龍頭,上櫃
4109,加捷生醫,生技醫療,"生物科技,食品生技,保險經紀,金融業",台灣最大甲魚相關保健食品廠,上櫃
4111,濟生,生技醫療,"醫藥產業,西藥製劑,學名藥",台灣洗腎血液透析粉液龍頭企業,上櫃
4114,健喬,生技醫療,"醫藥產業,生物科技,西藥製劑,學名藥,食品生技,醫藥流通",台灣主要學名藥產銷及代理商,上櫃
4116,明基醫,生技醫療,"醫療耗材,診斷與監測用醫材,醫學影像裝置,輔助與彌補用醫材,牙科植入器材,其他醫療器材,醫用家具,醫療管理服務",明基友達集團旗下醫療設備、醫用耗材、醫療服務公司,上櫃
4120,友華,生技醫療,"醫藥產業,生物科技,西藥製劑,學名藥,食品生技,醫藥流通",台灣最大玻尿酸代理進口商,上櫃
4121,優盛,生技醫療,"醫藥產業,血壓計,血糖儀,體溫計,醫藥流通,體外診斷用醫材,診斷與監測用醫材,生理檢測器材",全球前三大電子式血壓計製造商,上櫃
4123,晟德,生技醫療,"醫藥產業,生物科技,西藥製劑,學名藥,食品生技",台灣最大內服液劑、水劑之製藥廠,上櫃
4126,太醫,生技醫療,"醫療耗材,其他醫療器材",台灣最大醫療耗材製造商,上櫃
4127,天良,生技醫療,"醫藥產業,生物科技,西藥製劑,學名藥,食品生技",以天良牌、鐵獅牌銷售保健品及代理諾得膠囊廠商,上櫃
4128,中天,生技醫療,"醫藥產業,生物科技,中藥製劑,新藥研發,植物新藥,食品生技",台灣首家符合GMP之發酵中藥廠，並經營棉花田有機食品通路,上櫃
4129,聯合,生技醫療,"輔助與彌補用醫材,人造關節,骨科類器材",台灣骨科植入物及器材龍頭廠,上櫃
4130,健亞,生技醫療,"醫藥產業,西藥製劑,新藥研發,學名藥",學名藥代工及新藥研發廠,上櫃
4131,浩泰,生技醫療,"隱形眼鏡,體外診斷用醫材,檢驗試劑／紙,輔助與彌補用醫材",高分子生物檢驗晶片廠,上櫃
4138,曜亞,生技醫療,"醫療器材通路,手術與治療用醫材,動力手術器具",佳醫旗下台灣最大醫學美容器材代理商,上櫃
4139,馬光-KY,生技醫療,"醫療服務,醫療管理服務",新加坡中醫醫療連鎖機構龍頭,上櫃
4147,中裕,生技醫療,"醫藥產業,新藥研發,生物製劑",專注於愛滋新藥研發,上櫃
4153,鈺緯,生技醫療,"醫療資訊技術,診斷與監測用醫材,醫學影像裝置,顯示器,顯示器零件,LCD顯示器",佳世達旗下醫療顯示器廠,上櫃
4157,太景*-KY,生技醫療,"醫藥產業,西藥製劑,新藥研發",小分子創新化合物新藥研發廠,上櫃
4160,訊聯基因,生技醫療,"生物科技,生技服務,醫療服務,醫療資訊技術,診斷與監測用醫材,醫療管理服務",訊聯集團旗下之基因檢測公司,上櫃
4161,聿新科,生技醫療,"生物科技,食品生技,血糖儀,體外診斷用醫材,診斷與監測用醫材,生理檢測器材,時尚產業,美妝保養品",血糖測試設備及保養品研發，並用福壽螺萃取物開發天然蝦紅素,上櫃
4162,智擎,生技醫療,"醫藥產業,西藥製劑,新藥研發",東洋集團旗下新藥研發公司,上櫃
4163,鐿鈦,生技醫療,"其他醫療器材,傳產其他,金屬加工/製品",醫療器材用精密金屬零件製造商,上櫃
4166,友霖,生技醫療,"醫藥產業,西藥製劑,新藥研發,學名藥",友華旗下的新藥研發生產商,上櫃
4167,松瑞藥,生技醫療,"醫藥產業,西藥製劑,原料藥",全球前三大培南類抗生素原料藥供應商,上櫃
4168,醣聯,生技醫療,"醫藥產業,新藥研發,生物製劑,醫藥研發外包服務",醣質抗體與蛋白質藥物研發廠,上櫃
4173,久裕,生技醫療,"醫藥產業,醫藥流通",佳醫旗下藥品經銷物流商,上櫃
4174,浩鼎,生技醫療,"醫藥產業,新藥研發,生物製劑",潤泰集團旗下抗癌新藥研發公司,上櫃
4175,杏一,生技醫療,"醫藥產業,醫療器材通路,醫藥流通",台灣醫療用品連鎖通路龍頭,上櫃
4183,福永生技,生技醫療,"血糖儀,體外診斷用醫材",台灣血糖測試設備商,上櫃
4188,安克,生技醫療,"醫療資訊技術,診斷與監測用醫材",全球首個FDA核准之超音波電腦輔助診斷(CAD)醫材公司,上櫃
4192,杏國,生技醫療,"醫藥產業,生物科技,新藥研發,植物新藥,食品生技",杏輝旗下植物新藥研發廠,上櫃
4198,欣大健康,生技醫療,"診斷與監測用醫材,醫學影像裝置",高階數位X光機及骨質密度檢測設備廠,上櫃
4726,永昕,生技醫療,"醫藥產業,醫藥研發外包服務",晟德轉投資之CDMO廠,上櫃
4728,雙美,生技醫療,"生物科技,生技特用化學品,醫用植入材料,輔助與彌補用醫材,時尚產業,美妝保養品",台灣首家生產醫療級膠原蛋白溶液的GMP醫材廠,上櫃
4735,豪展,生技醫療,"血壓計,體溫計,診斷與監測用醫材,其他醫療器材",全球知名紅外線額耳溫槍生產商,上櫃
4743,合一,生技醫療,"醫藥產業,新藥研發,植物新藥",中天轉投資的植物新藥研發公司,上櫃
4744,皇將,生技醫療,"醫療保健設備/裝置,機械",台灣製藥設備及檢驗儀器製造廠,上櫃
4745,合富-KY,生技醫療,"醫療器材通路,體外診斷用醫材,檢驗試劑／紙,IVD檢驗儀器設備,手術與治療用醫材,放射治療設備",大陸最大台資醫療通路集團,上櫃
4747,強生,生技醫療,"醫藥產業,西藥製劑,學名藥",台灣中小型利基型學名藥廠,上櫃
4911,德英,生技醫療,"醫藥產業,生物科技,新藥研發,植物新藥,食品生技",抗癌植物新藥研發公司,上櫃
5312,寶島科,生技醫療,"傳產其他,眼鏡",台灣最大眼鏡通路商,上櫃
6130,上亞科技,生技醫療,"醫藥產業,醫藥流通,電力,太陽能發電,類比IC,IC設計",從事醫美事業的醫藥採購及管理顧問,上櫃
6242,立康,生技醫療,"醫藥產業,生物科技,中藥製劑,食品生技",中草藥生產及經營觀光工廠之廠商,上櫃
6461,益得,生技醫療,"醫藥產業,西藥製劑,新藥研發,學名藥",健喬旗下哮喘定量噴霧吸入劑研發廠,上櫃
6469,大樹,生技醫療,"醫藥產業,醫療器材通路,醫藥流通",台灣連鎖藥局龍頭,上櫃
6492,生華科,生技醫療,"醫藥產業,新藥研發",小分子抗癌新藥研發廠,上櫃
6496,科懋,生技醫療,"醫藥產業,西藥製劑,學名藥,醫療器材通路,醫藥流通",代理藥品及檢驗試劑，並開發解毒劑之公司,上櫃
6499,益安,生技醫療,"診斷與監測用醫材,醫學影像裝置,手術與治療用醫材",內視鏡、心導管及手術用侵入性設備研發廠商,上櫃
6523,達爾膚,生技醫療,"時尚產業,美妝保養品",台灣第一大醫美品牌DR.WU,上櫃
6527,明達醫,生技醫療,"診斷與監測用醫材,醫學影像裝置",眼科診斷型儀器研發及組裝廠商,上櫃
6535,順藥,生技醫療,"醫藥產業,西藥製劑,新藥研發",晟德旗下新藥研發公司,上櫃
6547,高端疫苗,生技醫療,"醫藥產業,生物製劑",專注於疫苗及生物製劑開發的生技新藥公司,上櫃
6569,醫揚,生技醫療,"工業電腦,電腦系統業",研揚轉投資醫療用工業電腦公司,上櫃
6574,霈方,生技醫療,"醫療服務,醫療管理服務,時尚產業,美妝保養品",台灣保養品集團,上櫃
6576,逸達,生技醫療,"醫藥產業,西藥製劑,新藥研發,生物製劑",新劑型配方新藥研發廠,上櫃
6612,奈米醫材,生技醫療,"醫用植入材料,輔助與彌補用醫材",人工水晶體及其植入系統製造商,上櫃
6615,慧智,生技醫療,"生物科技,生技服務",台灣基因檢測產業領導廠商,上櫃
6617,共信-KY,生技醫療,"醫藥產業,西藥製劑,新藥研發",聚焦腫瘤精準治療之抗癌新藥公司,上櫃
6637,醫影,生技醫療,"醫藥產業,醫療器材通路,醫藥流通,醫療管理服務",專攻影像醫學設備代理商，主要代理GE醫學設備,上櫃
6649,台生材,生技醫療,"醫用植入材料,手術與治療用醫材,輔助與彌補用醫材",主要從事泡沫式人工腦膜研發,上櫃
6661,威健生技,生技醫療,"生物科技,生技服務,體外診斷用醫材,檢驗試劑／紙,IVD檢驗儀器設備",台灣第一家獲得生物晶片檢測雙認證之公司,上櫃
6662,樂斯科,生技醫療,"生命科學工具,體外診斷用醫材,IVD檢驗儀器設備,診斷與監測用醫材",台灣知名實驗鼠繁殖中心,上櫃
6703,軒郁,生技醫療,"Internet應用與服務,電商平台,時尚產業,美妝保養品",銷售以面膜為主的美妝品牌公司,上櫃
6712,長聖,生技醫療,"醫藥產業,新藥研發,生物製劑,醫藥研發外包服務",專注於細胞療法新藥研發,上櫃
6733,博晟生醫,生技醫療,"輔助與彌補用醫材,骨科類器材",晟德旗下生物性骨材研發廠,上櫃
6747,亨泰光,生技醫療,"隱形眼鏡,輔助與彌補用醫材",台灣硬式隱形眼鏡龍頭廠，主力產品為OK鏡片,上櫃
6762,達亞,生技醫療,"手術與治療用醫材,模具,機械",以二類、三類醫療器材及零組件研究開發與設計代工廠,上櫃
6767,台微醫,生技醫療,"輔助與彌補用醫材,骨科類器材",鐿鈦旗下脊椎融合手術產品供應商,上櫃
6785,昱展新藥,生技醫療,"醫藥產業,新藥研發",開發治療鴉片類成癮症及難治型憂鬱症之長效藥物,上櫃
6841,長佳智能,生技醫療,"醫療資訊技術,診斷與監測用醫材",電腦分析輔助診斷系統供應商,上櫃
6844,諾貝兒,生技醫療,"醫藥產業,醫療器材通路,醫藥流通",以「丁丁藥局」為品牌之連鎖藥妝及藥局通路業者,上櫃
6872,浩宇生醫,生技醫療,"診斷與監測用醫材,醫學影像裝置,手術與治療用醫材",健亞旗下聚焦式超音波及治療導引追蹤系統研發廠,上櫃
6875,國邑*,生技醫療,"醫藥產業,新藥研發",脂質體緩釋劑型肺高壓治療藥物研發廠,上櫃
6929,佑全,生技醫療,"醫藥產業,醫療器材通路,醫藥流通,流通業,藥妝零售相關",台灣大型連鎖藥局,上櫃
7713,威力德生醫,生技醫療,"醫療器材通路,醫療資訊技術,體外診斷用醫材,檢驗試劑／紙,IVD檢驗儀器設備,診斷與監測用醫材",主要代理經銷羅氏體外診斷之相關設備醫材廠,上櫃
8279,生展,生技醫療,"生物科技,食品生技",生達旗下原料藥及保健品研發廠商,上櫃
8403,盛弘,生技醫療,"醫藥產業,醫療器材通路,醫療服務,醫藥流通,醫療管理服務",敏盛醫控股旗下醫藥流通及健康管理業者,上櫃
8409,商之器,生技醫療,"醫療資訊技術,診斷與監測用醫材,雲端科技,Internet技術與基礎設施",台灣第一大PACS廠,上櫃
8432,東生華,生技醫療,"醫藥產業,西藥製劑,新藥研發,學名藥,醫藥流通",東洋旗下慢性病用藥的新藥研發公司,上櫃
8436,大江,生技醫療,"生物科技,食品生技,食品加工,保健食品,時尚產業,美妝保養品",專為大廠研發保健品、保養品及有效添加物等公司,上櫃
2035,唐榮,鋼鐵,"資產股,不鏽鋼,冷軋不鏽鋼,熱軋不鏽鋼",台灣知名不鏽鋼大廠,上櫃
2063,世鎧,鋼鐵,"螺絲螺帽,線材盤元,不鏽鋼,不鏽鋼緊固件,不鏽鋼線材",台灣螺絲及螺栓廠,上櫃
2064,晉椿,鋼鐵,"線材盤元,條鋼,棒鋼",高階棒鋼龍頭大廠,上櫃
2065,世豐,鋼鐵,"螺絲螺帽,線材盤元",台灣最大烤漆、噴頭表面塗裝螺絲廠,上櫃
2073,雄順,鋼鐵,線材盤元,台灣金屬線製品加工商,上櫃
5009,榮剛,鋼鐵,"不鏽鋼,合金鋼,特殊鋼,工具鋼",全球前十大合金棒鋼廠,上櫃
5011,久陽,鋼鐵,"螺絲螺帽,線材盤元",台鋼集團旗下螺絲大廠,上櫃
5013,強新,鋼鐵,"線材盤元,不鏽鋼,不鏽鋼管,不鏽鋼線材",台灣超潔淨電解拋光不銹鋼管（EP管）領導廠商,上櫃
5014,建錩,鋼鐵,"不鏽鋼,不鏽鋼剪裁加工",不鏽鋼板裁剪及分條加工廠,上櫃
5015,華祺,鋼鐵,"不鏽鋼,不鏽鋼緊固件,不鏽鋼線材",全球知名不鏽鋼螺絲製造廠,上櫃
5016,松和,鋼鐵,"線材盤元,條鋼,棒鋼",台灣規模最大鋼線鋼纜廠之一,上櫃
6248,沛波,鋼鐵,"鋼胚,鋼筋,條鋼,板鋼",台鋼集團鋼筋加工通路商,上櫃
7718,友鋮,鋼鐵,"螺絲螺帽,線材盤元",台灣車用與工業用扣件供應商,上櫃
8349,恒耀,鋼鐵,"螺絲螺帽,線材盤元",車用與工業用扣件製造與貿易廠商,上櫃
8415,大國鋼,鋼鐵,"螺絲螺帽,線材盤元",大成鋼轉投資之大型螺絲螺帽配銷商,上櫃
8930,青鋼,鋼鐵,"建材,輕鋼架",亞洲最大輕鋼架生產商,上櫃
9962,有益,鋼鐵,不鏽鋼,台灣不鏽鋼厚板第一大廠,上櫃
3105,穩懋,半導體,"砷化鎵相關,化合物晶圓,IC製造",全球最大砷化鎵晶圓代工廠,上櫃
3122,笙泉,半導體,"IC設計,MCU",提供有關MCU軟硬體全方位服務的廠商,上櫃
3141,晶宏,半導體,"馬達IC,IC設計,LCD驅動IC,觸控IC",元太轉投資LCD驅動IC廠，也是全球電子紙驅動IC龍頭,上櫃
3169,亞信,半導體,"IO控制IC,IC設計,網路通訊IC,嵌入式晶片",台灣乙太網路控制晶片廠,上櫃
3178,公準,半導體,"半導體製程設備,設備儀器商,面板設備,飛機零件/製造,模具,機械",機台設備使用之關鍵零組件、精密模具製造商,上櫃
3227,原相,半導體,"IC設計,CMOS晶片,感測元件",為CMOS影像感測器及數位影像應用IC領導廠商,上櫃
3228,金麗科,半導體,"IC設計,網路通訊IC,MCU,ASIC,嵌入式晶片",有線、無線網路之x86相容CPU解決方案廠商,上櫃
3259,鑫創,半導體,"FLASH記憶體IC,其他IC,IC設計,影音IC,記憶卡IC,MEMS",MEMS麥克風IC設計廠,上櫃
3260,威剛,半導體,"電子零件元件,DRAM模組,Flash模組,週邊產品,硬碟相關",全球前三大記憶體模組廠,上櫃
3264,欣銓,半導體,"IC測試,IC封裝測試",主攻晶圓測試，台灣前三大IC測試廠之一,上櫃
3265,台星科,半導體,"IC封裝,IC測試,IC封裝測試",淡馬錫控股之IC封測廠,上櫃
3268,海德威,半導體,"其他IC,IC設計軟體,IC設計",台灣消費性IC韌體設計廠,上櫃
3317,尼克森,半導體,"分離式元件,電晶體",電源管理功率元件公司,上櫃
3372,典範,半導體,"IC封裝,IC測試,IC封裝測試",記憶卡、影像感測元件封裝廠,上櫃
3374,精材,半導體,"IC封裝,IC測試,IC封裝測試",台積電轉投資的封測廠,上櫃
3438,類比科,半導體,"類比IC,IC設計,MCU",台灣面板電源管理IC龍頭,上櫃
3467,台灣精材,半導體,"被動元件,石英元件,半導體製程設備,設備儀器商",半導體設備使用的精密陶瓷零組件耗材廠,上櫃
3527,聚積,半導體,"類比IC,IC設計,LED驅動IC",全球LED顯示屏驅動IC設計龍頭廠,上櫃
3529,力旺,半導體,"FLASH記憶體IC,IC設計,設計IP,嵌入式晶片",全球嵌入式非揮發性記憶體矽智財(eNVM IP)領導廠,上櫃
3555,博士旺,半導體,"非酒精飲料,食品加工,保健食品,飲料相關,資訊安全,IC零組件通路商,電子通路,軟體業",區塊鏈技術資安軟體應用開發與相關專案委託開發,上櫃
3556,禾瑞亞,半導體,"IC設計,消費性IC,影音IC,觸控IC",禾伸堂旗下觸控面板IC設計廠,上櫃
3567,逸昌,半導體,"IC測試,IC封裝測試",專注類比與混合訊號IC測試廠,上櫃
3581,博磊,半導體,"設備儀器商,封測服務與材料,封測用設備",國內提供封裝測試設備及治具之專業製造商,上櫃
3675,德微,半導體,"矽晶圓,IC製造,分離式元件,二極體,電晶體",台灣整流二極體供應商,上櫃
3680,家登,半導體,"半導體製程設備,設備儀器商",全球第一大半導體光罩載具廠,上櫃
3707,漢磊,半導體,"IC生產,晶圓代工,磊晶,IC製造",中小型晶圓代工與磊晶供應商,上櫃
4749,新應材,半導體,"光阻劑,半導體化學品",全球TFT-LCD光阻材料主要供應商,上櫃
4923,力士,半導體,"分離式元件,電晶體",斐成轉投資的Power MOSFET廠,上櫃
4951,精拓科,半導體,"類比IC,IO控制IC,IC設計,消費性IC,PC週邊IC,嵌入式晶片",台灣電腦系統相關IC供應商,上櫃
4966,譜瑞-KY,半導體,"IC設計,LCD驅動IC,LCD控制IC,USB,高速傳輸介面IC,觸控IC,傳輸介面,Displayport",專攻高速訊號傳輸介面及顯示晶片廠商,上櫃
4971,IET-KY,半導體,"砷化鎵相關,光通訊元件磊晶,IC製造",以MBE技術製造III-V族磊晶廠,上櫃
4973,廣穎,半導體,"電子零件元件,DRAM模組,Flash模組",矽創轉投資之記憶體產品廠,上櫃
4991,環宇-KY,半導體,"砷化鎵相關,化合物晶圓,IC製造",全球III-V族專業晶圓代工廠,上櫃
5236,凌陽創新,半導體,"IC設計,PC週邊IC,MCU,影音IC",凌陽旗下MCU與網路攝影機晶片廠,上櫃
5272,笙科,半導體,"無線網路IC,IC設計",台灣專注於無線通訊射頻(RF)晶片廠,上櫃
5274,信驊,半導體,"其他IC,IC設計,影音IC",宏正轉投資之全球伺服器管理晶片龍頭,上櫃
5299,杰力,半導體,"類比IC,IC設計,分離式元件,電晶體",華碩轉投資的功率元件設計公司,上櫃
5302,太欣,半導體,"DSP,IC設計,消費性IC,MCU,影音IC",台灣第一家IC設計廠商，現專注影像擷取錄影之單晶片開發,上櫃
5344,立衛,半導體,"IC測試,IC封裝測試",威盛轉投資之邏輯IC及CPU測試廠商,上櫃
5347,世界,半導體,"IC生產,晶圓代工,IC製造",台積電轉投資之晶圓代工廠,上櫃
5351,鈺創,半導體,"DRAM記憶體IC,SRAM記憶體IC,IC設計,高速傳輸介面IC",台灣利基型記憶體IC設計廠商,上櫃
5425,台半,半導體,"分離式元件,二極體,週邊產品,印表機",台灣整流二極體大廠,上櫃
5443,均豪,半導體,"半導體製程設備,IC檢測設備,設備儀器商,面板設備,封測用設備",台灣面板及晶圓檢測設備供應商,上櫃
5468,凱鈺,半導體,"電池保護IC,IC設計,網路通訊IC,LED驅動IC,光通訊IC",鈺創轉投資的LED驅動IC及光通訊IC廠,上櫃
5483,中美晶,半導體,"矽晶圓,IC製造,太陽能,太陽能矽晶圓",台灣太陽能矽晶圓龍頭，並垂直整合太陽能產業鏈,上櫃
5487,通泰,半導體,"IC設計,消費性IC,MCU,觸控IC",老牌消費性IC設計廠商,上櫃
6103,合邦,半導體,"IC設計,影音IC,嵌入式晶片,矽晶圓,LED驅動IC,IC製造",全球最大的CD Discman IC供應商,上櫃
6104,創惟,半導體,"集線器IC,IC設計,USB,高速傳輸介面IC,傳輸介面",儲存設備USB控制晶片設計專業大廠,上櫃
6129,普誠,半導體,"無線網路IC,類比IC,IC設計,LCD驅動IC,消費性IC,影音IC",台灣消費性IC設計廠商，及車用IC設計公司,上櫃
6138,茂達,半導體,"馬達IC,類比IC,IC設計,影音IC",以主機板客戶為主的電源管理IC大廠,上櫃
6147,頎邦,半導體,"IC封裝,IC測試,金、錫凸塊,IC封裝測試,LCD驅動IC封裝,封測服務與材料",全球最大LCD驅動IC封裝及金凸塊供應商,上櫃
6182,合晶,半導體,"矽晶圓,IC製造",台灣6吋及8吋矽晶圓製造商,上櫃
6187,萬潤,半導體,"設備儀器商,封測用設備",半導體及被動元件設備領導廠商,上櫃
6208,日揚,半導體,"半導體製程設備,設備儀器商,幫浦,機械",台灣最大製程設備真空元件供應商,上櫃
6223,旺矽,半導體,"探針、探針卡,設備儀器商,LED設備,封測服務與材料",全球懸臂式探針卡廠龍頭,上櫃
6229,研通,半導體,"IC設計軟體,IC設計",台灣消費性IC韌體設計領導廠商,上櫃
6233,旺玖,半導體,"馬達IC,其他IC,IC設計,USB,高速傳輸介面IC,MEMS,傳輸介面",USB控制IC設計廠商，並切入MEMS領域,上櫃
6237,驊訊,半導體,"IC設計,影音IC",全球前三大音效晶片設計廠商,上櫃
6261,久元,半導體,"IC測試,IC封裝測試,設備儀器商,封測用設備",專業半導體及光電產品切割、研磨、挑揀、測試代工廠,上櫃
6291,沛亨,半導體,"電子零件元件,類比IC,IC設計,音響設備及零件",台灣老牌電源管理IC業者,上櫃
6411,晶焱,半導體,"其他IC,IC設計",台灣首家靜電放電防護IC設計公司,上櫃
6435,大中,半導體,"分離式元件,電晶體",茂達旗下的功率半導體元件公司,上櫃
6462,神盾,半導體,"IC設計,消費性IC,感測元件,生物辨識IC",台灣指紋辨識晶片龍頭,上櫃
6485,點序,半導體,"FLASH記憶體IC,IC設計,記憶卡IC,SSD控制IC",金士頓轉投資之快閃記憶體控制IC設計廠商,上櫃
6488,環球晶,半導體,"矽晶圓,IC製造",全球第三大、台灣最大的矽晶圓廠商，從中美晶分割成立,上櫃
6494,九齊,半導體,"IC設計,MCU,影音IC",新唐轉投資的語音控制IC及MCU設計公司,上櫃
6510,精測,半導體,"封測服務與材料,測試用板卡",中華電信旗下晶圓測試介面板廠,上櫃
6532,瑞耘,半導體,"半導體製程設備,設備儀器商",半導體前段製程設備及零件供應商,上櫃
6548,長科*,半導體,"導線架,封測服務與材料",長華電材旗下之封測導線架大廠,上櫃
6568,宏觀,半導體,"無線網路IC,IC設計,ASIC,光通訊IC",全球前三大矽晶調諧器晶片供應商,上櫃
6640,均華,半導體,"設備儀器商,封測用設備",均豪子公司，從事半導體封裝設備的製造,上櫃
6643,M31,半導體,"IC設計,設計IP",主攻高速傳輸的矽智材廠商,上櫃
6651,全宇昕,半導體,"分離式元件,二極體,電晶體",分離式半導體元件廠,上櫃
6679,鈺太,半導體,"類比IC,IC設計,影音IC,感測元件,MEMS",台灣MEMS麥克風晶片龍頭,上櫃
6683,雍智科技,半導體,"封測服務與材料,測試用板卡",台灣IC測試設備材料供應商,上櫃
6684,安格,半導體,"IC設計,設計IP,影音IC,高速傳輸介面IC",安國旗下的多媒體視訊轉換控制晶片廠,上櫃
6693,廣閎科,半導體,"馬達IC,IC設計,分離式元件,電晶體",茂迪轉投資功率半導體元件設計公司,上櫃
6708,天擎,半導體,"IC設計,安全監控IC",台灣從事嬰兒監控、車用監控及安防視頻網路監控IC廠,上櫃
6716,應廣,半導體,"IC設計,MCU",台灣散熱風扇微控制器龍頭廠,上櫃
6720,久昌,半導體,"類比IC,IC設計,分離式元件,電晶體",台灣霍爾IC及電源管理晶片供應商,上櫃
6732,昇佳電子,半導體,"IC設計,感測元件,MEMS",矽創旗下以感測器為主的IC設計公司,上櫃
6788,華景電,半導體,"半導體製程設備,設備儀器商",國內晶圓製程AMC防治設備龍頭,上櫃
6823,濾能,半導體,電子其他,半導體先進製程關鍵耗材供應商,上櫃
6829,千附精密,半導體,"半導體製程設備,設備儀器商,面板設備,飛機零件/製造,機械",精密零組件整合及半導體關鍵零組件製造商,上櫃
6895,宏碩系統,半導體,"半導體製程設備,設備儀器商",國內知名的高功率真空微波管製造商,上櫃
6953,家碩,半導體,"半導體製程設備,設備儀器商",家登旗下的EUV光罩及傳載自動化之技術解決方案商,上櫃
6996,力領科技,半導體,"IC設計,LCD驅動IC",矽創旗下LCD驅動IC設計公司,上櫃
7556,意德士,半導體,"半導體製程設備,設備儀器商",半導體設備耗材供應商,上櫃
7704,明遠精密,半導體,"半導體製程設備,設備儀器商",日揚旗下，臭氧產生器系統維修商,上櫃
7712,博盛半導體,半導體,"分離式元件,電晶體",專業功率半導體元件及功率積體電路設計公司,上櫃
7734,印能科技,半導體,"設備儀器商,封測用設備",半導體封裝製程氣泡解決方案商,上櫃
7751,竑騰,半導體,"設備儀器商,封測用設備",半導體封裝及檢測設備製造商,上櫃
8024,佑華,半導體,"IC設計,消費性IC,MCU,影音IC",玩具語音IC與MCU生產商,上櫃
8040,九暘,半導體,"無線網路IC,IC設計,網路通訊IC",台灣前二大乙太網路IC供應商,上櫃
8054,安國,半導體,"FLASH記憶體IC,集線器IC,IC設計,PC週邊IC,影音IC,記憶卡IC,高速傳輸介面IC",台灣USB介面裝置控制IC廠,上櫃
8086,宏捷科,半導體,"砷化鎵相關,化合物晶圓,IC製造",全球前三大砷化鎵晶圓代工廠,上櫃
8088,品安,半導體,"電子零件元件,DRAM模組,Flash模組,電子製造服務,電腦系統業",台灣DRAM模組廠,上櫃
8091,翔名,半導體,"半導體製程設備,設備儀器商",台灣半導體離子植入機之關鍵零件最大供應商,上櫃
8227,巨有科技,半導體,"IC設計,ASIC",台灣最早成立之IC 設計服務公司,上櫃
8277,商丞,半導體,"週邊產品,儲存設備,磁碟陣列控制器",記憶體模組兼儲存設備廠,上櫃
8299,群聯,半導體,"電子零件元件,FLASH記憶體IC,IC設計,PC週邊IC,USB,記憶卡IC,嵌入式晶片,高速傳輸介面IC,SSD控制IC,Flash模組,週邊產品,記憶卡,傳輸介面",全球USB控制IC設計之龍頭企業,上櫃
8383,千附,半導體,"電子其他,半導體製程設備,設備儀器商,無塵室工程,其他產業機械,機械,營造工程,工程顧問",TFT-LCD及半導體廠無塵室供應商,上櫃
1569,濱川,電腦及週邊設備,"機殼,模具沖壓,電子零件元件",全球NB鍵盤支架最大供應商,上櫃
3071,協禧,電腦及週邊設備,"散熱風扇馬達,電子零件元件,散熱模組",生產NB用散熱風扇及模組廠,上櫃
3088,艾訊,電腦及週邊設備,"工業電腦,電腦系統業",研華轉投資工業電腦廠商,上櫃
3211,順達,電腦及週邊設備,"資產股,消費用電池,電子零件元件,工業用電池,電力設備",全球知名筆記型電腦電池組裝廠,上櫃
3213,茂訊,電腦及週邊設備,"筆記型電腦製造,電腦通路商,電子通路,電腦系統業",國內專業的強固型電腦暨電腦通路商,上櫃
3272,東碩,電腦及週邊設備,週邊產品,全球PC/行動裝置擴充基座龍頭廠,上櫃
3287,廣寰科,電腦及週邊設備,"滑鼠,鍵盤,週邊產品,電聲產品,耳機",「GAMDIAS」電競周邊產品品牌商,上櫃
3323,加百裕,電腦及週邊設備,"消費用電池,電子零件元件,工業用電池,電力設備",台灣三大NB電池模組廠之一,上櫃
3325,旭品,電腦及週邊設備,"機殼,電子零件元件",電腦機殼製造商,上櫃
3349,寶德,電腦及週邊設備,"滑鼠,鍵盤,週邊產品,電聲產品,耳機",電競週邊產品製造商,上櫃
3479,安勤,電腦及週邊設備,"工業電腦,電腦系統業",仁寶轉投資工業電腦廠商,上櫃
3483,力致,電腦及週邊設備,"散熱風扇馬達,電子零件元件,散熱模組",具風扇及熱導管自製能力的散熱廠商,上櫃
3540,曜越,電腦及週邊設備,"電源供應器,機殼,電子零件元件,散熱模組",電競品牌廠,上櫃
3577,泓格,電腦及週邊設備,"工業電腦,電腦系統業",專攻PAC遠端控制器的IPC廠,上櫃
3594,磐儀,電腦及週邊設備,"工業電腦,電腦系統業",專攻系統產品的工業電腦廠,上櫃
3611,鼎翰,電腦及週邊設備,"週邊產品,印表機,印表機耗材",台半轉投資的條碼印表機製造廠,上櫃
3625,西勝,電腦及週邊設備,"消費用電池,電子零件元件,工業用電池,電力設備",筆電電池模組及充電器供應商,上櫃
3693,營邦,電腦及週邊設備,"機殼,電子零件元件,準系統,電腦系統業",台灣伺服器機箱兼系統平台服務商,上櫃
3709,鑫聯大投控,電腦及週邊設備,"控股公司,電腦通路商,電子通路",大聯大旗下，經營3C通路及室內樂園,上櫃
4924,欣厚-KY,電腦及週邊設備,"生物科技,環保生技,其他電子零件,電子零件元件",馬來西亞鍵盤週邊及生質燃料生產企業,上櫃
4931,新盛力,電腦及週邊設備,"汽機車零組件,車用電池,工業用電池,電力設備",台灣鋰電池模組之生產商,上櫃
4987,科誠,電腦及週邊設備,"週邊產品,印表機",台灣條碼標籤印製機製造商,上櫃
5223,安力-KY,電腦及週邊設備,"模具沖壓,電子零件元件",行動裝置散熱及機構件廠商,上櫃
5289,宜鼎,電腦及週邊設備,"電子零件元件,DRAM模組,Flash模組,週邊產品,硬碟相關",台灣專攻工業用嵌入式儲存裝置供應商,上櫃
5356,協益,電腦及週邊設備,"其他電子零件,電子零件元件,週邊產品",經營電腦週邊及電子零組件之廠商,上櫃
5386,青雲,電腦及週邊設備,"電腦通路商,電子通路",高階伺服器記憶體模組及板卡的代理商,上櫃
5426,振發,電腦及週邊設備,"機殼,連接器,電子零件元件",台灣PC外殼生產商,上櫃
5438,東友,電腦及週邊設備,"電子其他,掃瞄器,事務機器,週邊產品,3D印表機",為Konica Minolta代工多功能事務機,上櫃
5465,富驊,電腦及週邊設備,"電源供應器,機殼,電子零件元件",偉訓轉投資之電腦、伺服器機殼廠,上櫃
5474,聰泰,電腦及週邊設備,"視訊轉換相關,消費性電子產品",數位監控、影音串流設備商,上櫃
5490,同亨,電腦及週邊設備,"POS機系統,電腦系統業",全球知名POS刷卡機DMS廠,上櫃
6121,新普,電腦及週邊設備,"消費用電池,電子零件元件,工業用電池,電力設備",全球最大NB電池模組廠之一,上櫃
6150,撼訊,電腦及週邊設備,"繪圖卡,電腦系統業",以Power Color品牌行銷全球之繪圖顯示卡供應商,上櫃
6160,欣技,電腦及週邊設備,"工業電腦,電腦系統業",專攻自動辨識系統的IPC廠,上櫃
6161,捷波,電腦及週邊設備,"主機板,工業電腦,電腦系統業",台灣工業電腦及主機板廠商,上櫃
6188,廣明,電腦及週邊設備,"週邊產品,硬碟相關,機器人,機械",廣達集團旗下的硬碟產品代工廠,上櫃
6228,全譜,電腦及週邊設備,"體外診斷用醫材,IVD檢驗儀器設備,掃瞄器,週邊產品",台灣底片掃瞄器及生物研究影像設備製造廠,上櫃
6276,安鈦克,電腦及週邊設備,"電源供應器,機殼,電子零件元件",專注於電腦機殼與電源供應器的廠商,上櫃
6441,廣錠,電腦及週邊設備,"遊戲產業,商用遊戲機,車用充電相關,工業用電池,電力設備",廣積旗下博奕機台兼儲能系統公司,上櫃
6570,維田,電腦及週邊設備,"顯示器,工業電腦,電腦系統業",以嵌入式系統為主之工業電腦廠商,上櫃
6577,勁豐,電腦及週邊設備,"顯示器,工業電腦,電腦系統業",豐藝轉投資工業電腦及醫療應用顯示器廠商,上櫃
6680,鑫創電子,電腦及週邊設備,"工業電腦,電腦系統業",智能交通車載電腦系統製造商,上櫃
6922,宸曜,電腦及週邊設備,"工業電腦,電腦系統業",台灣工業控制產品、應用電腦及工業電腦公司,上櫃
8050,廣積,電腦及週邊設備,"主機板,工業電腦,電腦系統業",以工業級嵌入式系統為主之工業電腦廠商,上櫃
8076,伍豐,電腦及週邊設備,"POS機系統,電腦系統業",跨入博奕產業之台灣POS專業廠商,上櫃
8234,新漢,電腦及週邊設備,"工業電腦,電腦系統業",台灣工業電腦廠商,上櫃
8410,森田,電腦及週邊設備,"機殼表面處理,電子零件元件",台灣最大3C產品之膜內轉印(IMR)印刷廠,上櫃
3066,李洲,光電,"LED,LED封裝",台灣利基型LED封裝廠,上櫃
3128,昇銳,光電,"車用電子,倒車影像系統,消費性電子產品,安全監控",為監視系統領域之專業安全監控廠,上櫃
3230,錦明,光電,"模具沖壓,電子零件元件",生產液晶螢幕金屬機構模具廠,上櫃
3297,杭特,光電,"消費性電子產品,安全監控",台灣安全監控系統製造商,上櫃
3339,泰谷,光電,"LED,LED晶粒,LED磊晶",台灣專業生產綠光、藍光、紫外光LED磊晶片及晶粒供應廠,上櫃
3362,先進光,光電,"數位相機,光學鏡片/頭",台灣光學鏡頭研發及製造廠商,上櫃
3434,哲固,光電,"顯示器,消費性電子產品,安全監控",台灣安全監控顯示器廠商,上櫃
3441,聯一光,光電,"傳產其他,光學,數位相機,光學鏡片/頭",台灣光學鏡頭上游專業光學毛胚廠,上櫃
3455,由田,光電,"PCB相關設備,半導體製程設備,IC檢測設備,設備儀器商,面板設備",應用於載板、PCB、面板的AOI檢測設備商,上櫃
3490,單井,光電,"半導體製程設備,設備儀器商,LED設備,太陽能,太陽能系統運用,封測用設備,模具,機械",LED及半導體封裝模具及設備供應商,上櫃
3516,亞帝歐,光電,"LED,LED照明產品,電子零件元件,連接線材",台灣連接線材及LED照明廠商,上櫃
3523,迎輝,光電,"面板零組件,光學膜",各式光學與光電膜產品製造商,上櫃
3531,先益,光電,"面板零組件,背光模組",LED中小尺寸背光模組專業製造廠,上櫃
3615,安可,光電,"面板零組件,導電玻璃",錸德轉投資的ITO導電玻璃專業鍍膜廠,上櫃
3623,富晶通,光電,"面板業,觸控面板",中環與富士通合資之觸控面板廠,上櫃
3630,新鉅科,光電,"數位相機,光學鏡片/頭",台灣感測鏡頭供應商,上櫃
3666,光耀,光電,"面板零組件,光學膜",為光群雷轉投資之聚光片廠,上櫃
3691,碩禾,光電,"太陽能,太陽能導電漿",國碩轉投資太陽能導電漿大廠,上櫃
4729,熒茂,光電,"面板業,觸控面板",強茂轉投資之觸控面板廠,上櫃
4933,友輝,光電,"面板零組件,光學膜",新纖轉投資的聚光片廠,上櫃
4972,湯石照明,光電,"LED,LED照明產品,照明,家電",以自有品牌行銷歐美之LED燈具商,上櫃
4995,晶達,光電,"面板業,LCM,顯示器,LCD顯示器",工業用高亮度面板專業廠商,上櫃
5220,萬達光電,光電,"面板業,觸控面板",台灣觸控面板廠，主要聚焦於軍、工控等市場,上櫃
5230,雷笛克光學,光電,"LED,LED照明產品,模具沖壓,電子零件元件",主要從事LED二次光學透鏡之研發、製造及生產,上櫃
5245,智晶,光電,"面板業,OLED",PMOLED出貨量居全球第二大,上櫃
5251,天鉞電,光電,"家居用品,鎖,消費性電子產品,安全監控",以DIY類無線居家安控產品為主之數位家庭整合系統商,上櫃
5315,光聯,光電,"面板業,LCM",各尺寸液晶顯示器模組整合加工與銷售,上櫃
5371,中光電,光電,"面板零組件,背光模組,顯示器,投影機",背光模組及投影機製造大廠,上櫃
5392,能率,光電,"汽機車零組件,控股公司,其他電子零件,電子零件元件,機械零組件,機械",3C、手工具機、汽車等應用之零組件廠,上櫃
6125,廣運,光電,"設備儀器商,太陽能,太陽能電池,自動化設備,機械",經營自動化物流系統及太陽能電池等業務,上櫃
6167,久正,光電,"面板業,TN/STN LCD,LCM",中小尺寸TN/STN面板模組廠,上櫃
6222,立軒,光電,"住宅建設,營造工程",住宅及大樓開發商,上櫃
6234,高僑,光電,"雷射鑽孔機、鑽頭,印刷電路板相關,設備儀器商",經營自動化設備及PCB微型鑽頭的公司,上櫃
6244,茂迪,光電,"太陽能,太陽能電池,太陽能電池模組",台灣太陽能電池模組大廠,上櫃
6246,臺龍,光電,"面板零組件,背光模組",中小尺寸背光模組及LED燈條生產廠商,上櫃
6419,京晨科,光電,"消費性電子產品,安全監控",台灣網路視訊監控系統商,上櫃
6498,久禾光,光電,"數位相機,光學鏡片/頭",台灣光學塑膠鏡片、鏡頭及模組製造商,上櫃
6517,保勝光學,光電,"數位相機,光學鏡片/頭",台灣第一家光學鏡片製造廠,上櫃
6556,勝品,光電,"消費性電子產品,安全監控",佳世達轉投資專業監控攝影機製造商,上櫃
6560,欣普羅,光電,"消費性電子產品,安全監控",台灣影音安控產品廠商,上櫃
6859,伯特光,光電,"數位相機,光學鏡片/頭,模具,機械",台灣精密光學鏡片模具大廠,上櫃
6899,創為精密,光電,"面板業,觸控面板",台灣專業的觸控面板製造商之一,上櫃
7402,邑錡,光電,"消費性電子產品,攝影設備",以「Brinno」為品牌之縮時攝影機供應商,上櫃
7753,星亞,光電,"LED,LED照明產品,顯示器,數位看板",台亞旗下數位顯示系統及視覺燈光系統製造商,上櫃
8049,晶采,光電,"面板業,LCM",台灣中小尺寸液晶模組廠,上櫃
8064,東捷,光電,"設備儀器商,LED設備,面板設備",東台轉投資的顯示器設備商,上櫃
8069,元太,光電,"面板業,中小尺吋面板,電子紙",全球電子紙龍頭廠,上櫃
8111,立碁,光電,"LED,LED封裝,LED照明產品",台灣LED元件生產商及封裝大廠,上櫃
8240,華宏,光電,"面板零組件,光學膜",國內背光模組光學膜片最大專業製造裁切廠,上櫃
3081,聯亞,通信網路,"砷化鎵相關,光通訊元件磊晶,IC製造",生產砷化鎵與磷化銦為基板的磊晶廠,上櫃
3095,及成,通信網路,"模具沖壓,電子零件元件",台灣鋁合金沖壓零件廠,上櫃
3152,璟德,通信網路,"通訊設備,通訊設備零組件",台灣最大LTCC元件廠,上櫃
3163,波若威,通信網路,"光通訊,光纖被動元件",台灣最大光纖被動元件代工廠,上櫃
3221,台嘉碩,通信網路,"被動元件,石英元件,濾波器,振盪器",台灣最大的表面聲波濾波器製造商,上櫃
3234,光環,通信網路,"光通訊元件磊晶,IC製造,光通訊,光纖主動元件",光收發模組上游晶粒及封裝廠,上櫃
3306,鼎天,通信網路,"通訊設備,衛星導航",廣達轉投資的GPS及個人導航廠商,上櫃
3363,上詮,通信網路,"光通訊,光纖被動元件",台灣光纖被動元件大廠,上櫃
3466,德晉,通信網路,"視訊轉換相關,消費性電子產品",台灣機上盒製造廠,上櫃
3491,昇達科,通信網路,"通訊設備,天線,通訊設備零組件",台灣微波及毫米波元件廠商,上櫃
3499,環天科,通信網路,"通訊設備,衛星導航",台灣GPS相關應用製造業者,上櫃
3558,神準,通信網路,"通訊設備,接取設備,區域網路,網路交換器",神腦轉投資的網路通訊及網路安全設備廠,上櫃
3564,其陽,通信網路,"通訊設備,資安設備",友通轉投資的網路安全設備廠,上櫃
3632,研勤,通信網路,"車用電子,行車紀錄器,旅宿／餐飲,餐飲",以PAPAGO為品牌之行車紀錄器及導航軟體廠商,上櫃
3664,安瑞-KY,通信網路,"通訊設備,資安設備,資訊安全,系統整合,軟體業",雲端ADC設備廠,上櫃
3672,康聯訊,通信網路,"光通訊,光纖設備",台灣光纖網路設備製造商,上櫃
3684,榮昌,通信網路,"電子零件元件,無線網路設備系統(WLAN),通訊設備,連接線材",高頻連接線及無線通訊整合次系統廠商,上櫃
4903,聯光通,通信網路,"光纖光纜,光通訊",光通訊工程承包及光纖光纜製造商,上櫃
4905,台聯電,通信網路,"化學工業,其他化工產品,醫療耗材,其他醫療器材,通訊設備,接取設備",主產品為數據機、XDSL等網通設備廠,上櫃
4908,前鼎,通信網路,"光通訊,光纖主動元件",台灣光收發模組封裝及製造廠,上櫃
4909,新復興,通信網路,"印刷電路板,印刷電路板相關",全球最大LNB用板製造商,上櫃
4979,華星光,通信網路,"光通訊,光纖主動元件",台灣光收發模組一貫廠,上櫃
5353,台林,通信網路,"車用電子,通訊設備,半導體製程設備,設備儀器商,工業電腦,電腦系統業",有線、無線寬頻網路、工業電腦製造商,上櫃
6109,亞元,通信網路,"電源供應器,變壓器,電子零件元件",應用以可攜式電子產品為主之電源供應器廠,上櫃
6143,振曜,通信網路,"面板業,電子紙,消費性電子產品,電子書閱讀器",全球最大電子書閱讀器代工廠,上櫃
6163,華電網,通信網路,"系統整合,軟體業,企業資源規劃",電信系統整合大廠，並跨足智慧城控與交通機電業務,上櫃
6170,統振,通信網路,"金融其他,金融業,食品加工,保健食品,手機零售通路商,電子通路,時尚產業,美妝保養品",從事數據預付卡及移工金流服務業務,上櫃
6190,萬泰科,通信網路,"電子零件元件,連接線材",主要生產網通、醫療、車用等市場應用的線材供應商,上櫃
6218,豪勉,通信網路,"半導體製程設備,系統整合,軟體業,設備儀器商",專注通訊網路系統整合服務與半導體/LED設備解決方案領域,上櫃
6241,易通展,通信網路,"無線網路設備系統(WLAN),通訊設備,區域網路",企業級及電信級無線網路通訊產品代工廠,上櫃
6245,立端,通信網路,"通訊設備,資安設備",專攻網路安全設備廠商,上櫃
6263,普萊德,通信網路,"通訊設備,區域網路,光通訊,光纖設備",以PLANET品牌行銷的網通設備廠,上櫃
6417,韋僑,通信網路,"通訊設備,RFID相關",台灣RFID Tag製造商,上櫃
6465,威潤,通信網路,"通訊設備,衛星導航",以自有品牌「ATrack」行銷衛星定位監控系統廠商,上櫃
6470,宇智,通信網路,"無線網路設備系統(WLAN),通訊設備",無線網路設備廠商,上櫃
6486,互動,通信網路,"系統整合,軟體業",仲琦旗下電信寬頻網路系統整合規劃廠商,上櫃
6530,創威,通信網路,"光通訊,光纖主動元件",主要生產熱插拔式及固定式光收發模組,上櫃
6546,正基,通信網路,"通訊設備,通訊設備零組件",正文轉投資的無線通訊模組廠,上櫃
6561,是方,通信網路,"電信/數據服務,通訊服務,雲端科技,Internet技術與基礎設施",中華電轉投資之台灣最大IDC機房營運商,上櫃
6588,東典光電,通信網路,"通訊設備,物聯網裝置,光通訊,光纖零組件",台灣光通訊元件濾光片廠商,上櫃
8034,榮群,通信網路,"通訊設備,接取設備",台灣網路接取設備製造商,上櫃
8048,德勝,通信網路,"光通訊,光纖設備",台灣光纖網路局端、用戶端設備製造商,上櫃
8059,凱碩,通信網路,"無線網路設備系統(WLAN),通訊設備,數據機",金寶集團旗下網通設備OBM/ODM廠,上櫃
8089,康全電訊,通信網路,"無線網路設備系統(WLAN),通訊設備,接取設備,光通訊,光纖設備",訊舟轉投資網路通訊設備廠,上櫃
8097,常珵,通信網路,"無線網路設備系統(WLAN),通訊設備",網通CPE設備供應商,上櫃
8176,智捷,通信網路,"無線網路設備系統(WLAN),通訊設備",台灣無線網路傳輸設備ODM/OEM廠,上櫃
1336,台翰,電子零組件,"機殼,電子零件元件",宣德轉投資之消費電子產品外殼製造商,上櫃
1595,川寶,電子零組件,"PCB相關設備,半導體製程設備,設備儀器商",全球知名PCB半自動曝光機廠,上櫃
1815,富喬,電子零組件,"玻纖布,印刷電路板相關",台灣玻纖紗、玻纖布一貫廠,上櫃
3078,僑威,電子零組件,"電源供應器,電子零件元件",全球clone市場上最大電源供應器製造商,上櫃
3114,好德,電子零組件,"連接器,電子零件元件,電子元件代理商,電子通路,連接線材",電子零組件及製程設備與耗材之專業代理商,上櫃
3115,富榮綱,電子零組件,"PCB材料,印刷電路板相關,非鐵金屬,銅,鋁",台灣從事鋁錠等有色金屬買賣業務公司,上櫃
3191,雲嘉南,電子零組件,"變壓器,電子零件元件",變壓器線架專業生產商,上櫃
3206,志豐,電子零組件,"受話器,電聲產品,耳機,麥克風",耳機與蜂鳴器等電聲元件廠,上櫃
3207,耀勝,電子零組件,"車用電子,變壓器,被動元件,電感,電子零件元件",變壓器及電感線圈製造生產商,上櫃
3217,優群,電子零組件,"連接器,電子零件元件",國內連接器製造商,上櫃
3236,千如,電子零組件,"被動元件,電感",台灣SMD晶片電感廠,上櫃
3276,宇環,電子零組件,"印刷電路板,印刷電路板相關",志超轉投資印刷電路板公司,上櫃
3288,點晶,電子零組件,"馬達IC,類比IC,IC設計,LED驅動IC",LED、馬達驅動應用的類比IC設計廠商,上櫃
3290,東浦,電子零組件,"機殼,其他電子零件,電子零件元件",塑膠精密元件模具廠,上櫃
3294,英濟,電子零組件,"機殼,其他電子零件,電子零件元件",專營塑膠零組件射出與模具廠,上櫃
3310,佳穎,電子零組件,"車用金屬成型,車用沖壓件,模具沖壓,電子零件元件",台灣LED導線架及沖壓零件供應商,上櫃
3322,建舜電,電子零組件,"連接器,電子零件元件,連接線材",台灣連接元件及電子週邊元件廠,上櫃
3332,幸康,電子零組件,"電源供應器,電子零件元件",台灣專攻工業電源供應器廠，主銷歐美市場,上櫃
3354,律勝,電子零組件,"軟板基板,印刷電路板相關",台灣軟式印刷電路板基材製造商,上櫃
3357,臺慶科,電子零組件,"變壓器,被動元件,電感,電子零件元件",台灣全系列電感元件製造商,上櫃
3388,崇越電,電子零組件,"化學產品通路,化學工業",日本信越的矽利光產品專業代理商,上櫃
3390,旭軟,電子零組件,"軟板,印刷電路板相關",專攻LCM模組的軟板廠,上櫃
3484,崧騰,電子零組件,"其他電子零件,電子零件元件",全球知名工具機開關領導廠商,上櫃
3492,長盛,電子零組件,"連接器,電子零件元件,連接線材",台灣連接器與線組製造商,上櫃
3511,矽瑪,電子零組件,"連接器,電子零件元件",佳世達旗下連接器廠,上櫃
3520,華盈,電子零組件,"電子零件元件,連接線材,電子製造服務,電腦系統業",台灣各種應用連接線材供應商,上櫃
3526,凡甲,電子零組件,"連接器,電子零件元件",強茂轉投資之連接器廠,上櫃
3537,堡達,電子零組件,"被動元件,電容,電阻,電感,電子元件代理商,電子通路",為日商松下被動元件的代理商,上櫃
3548,兆利,電子零組件,"樞紐,電子零件元件",全球前三大NB樞紐生產商,上櫃
3597,映興,電子零組件,"電子零件元件,電子元件代理商,電子通路,連接線材",台灣連接元件廠商,上櫃
3609,三一東林,電子零組件,"汽車銷售,車輛整車,其他電子零件,電子零件元件",從事電光源驅動元件製造及汽車改裝銷售業務,上櫃
3624,光頡,電子零組件,"被動元件,晶片電阻,電阻",利基型薄膜電阻廠,上櫃
3631,晟楠,電子零組件,"金、錫凸塊,封測服務與材料",錫條、錫絲、錫膏及鉛助焊劑供應商,上櫃
3646,艾恩特,電子零組件,"連接器,電子零件元件,連接線材",台灣工業及汽車用連接器製造廠,上櫃
3689,湧德,電子零組件,"連接器,電子零件元件",主要生產DT、網通及消費電子用連接器,上櫃
3710,連展投控,電子零組件,"控股公司,連接器,電子零件元件,通訊設備,天線,光通訊,連接線材,光纖主動元件,光纖被動元件,車用充電相關,電力設備",控股公司，運營連接器及通訊零件等業務,上櫃
4542,科嶠,電子零組件,"PCB相關設備,半導體製程設備,設備儀器商",PCB用自動化乾燥設備製造大廠,上櫃
4939,亞電,電子零組件,"軟板基板,印刷電路板相關",台灣第二大FCCL廠商,上櫃
4974,亞泰,電子零組件,"影像感測元件,數位相機",全球前三大接觸式CIS影像感測器業者,上櫃
5227,立凱-KY,電子零組件,"電池材料相關,正極材料",台灣磷酸鐵鋰電池正極材料廠商,上櫃
5228,鈺鎧,電子零組件,"被動元件,電感",國內專業磁性被動元件製造廠,上櫃
5291,邑昇,電子零組件,"印刷電路板,印刷電路板相關,自行車零件,機械",台灣印刷電路板與自行車燈具業者,上櫃
5309,系統電,電子零組件,"汽機車零組件,車用電池,UPS,車用電子,胎壓監測系統,電源供應器,電子零件元件,工業用電池,電力設備",台灣知名TPMS及車電零件廠,上櫃
5328,華容,電子零組件,"被動元件,塑膠薄膜電容",台灣塑膠膜電容器供應商,上櫃
5340,建榮,電子零組件,"玻纖布,印刷電路板相關",台灣電子領域玻纖布製造廠並跨足工業用領域,上櫃
5355,佳總,電子零組件,"印刷電路板,印刷電路板相關",多層電路板供應商,上櫃
5381,合正,電子零組件,"PCB材料,印刷電路板相關,變電設備,電力設備",主要從事配電變壓器業務,上櫃
5439,高技,電子零組件,"印刷電路板,印刷電路板相關",生產少量多樣高層數利基型PCB為主,上櫃
5457,宣德,電子零組件,"連接器,電子零件元件,連接線材,電子製造服務,電腦系統業",台灣知名NB連接器及電子代工廠,上櫃
5460,同協,電子零組件,"模具沖壓,電子零件元件",專業的連續沖壓模具及零件大廠,上櫃
5464,霖宏,電子零組件,"印刷電路板,印刷電路板相關","LCD TV,印表機等消費性PCB廠",上櫃
5475,德宏,電子零組件,"玻纖布,印刷電路板相關",台灣專業電子級玻纖布廠,上櫃
5488,松普,電子零組件,"電子零件元件,連接線材",台灣3C電線製造商,上櫃
5498,凱崴,電子零組件,"雷射鑽孔機、鑽頭,印刷電路板相關,電子製造服務,電腦系統業",台灣PCB鑽頭製造商,上櫃
6114,久威,電子零組件,"印刷電路板,印刷電路板相關,電子元件代理商,電子通路",電子材料之代理及加工廠商,上櫃
6124,業強,電子零組件,"電子零件元件,熱導管",台灣最大熱導管供應商,上櫃
6126,信音,電子零組件,"連接器,電子零件元件",電腦及通訊用之連接器製造商,上櫃
6127,九豪,電子零組件,"被動元件,被動元件上游",高階精密陶瓷基板之專業製造廠,上櫃
6134,萬旭,電子零組件,"電子零件元件,通訊設備,天線,連接線材",主要經營極細銅軸線、天線、信號線等線材業者,上櫃
6156,松上,電子零組件,"變壓器,電子零件元件,印刷電路板,印刷電路板相關",印刷電路板和磁性元件製造商,上櫃
6158,禾昌,電子零組件,"連接器,電子零件元件",3C用連接器生產廠,上櫃
6173,信昌電,電子零組件,"被動元件,MLCC,晶片電阻,被動元件上游",華新科旗下的MLCC及瓷粉原料供應商,上櫃
6174,安碁,電子零組件,"被動元件,石英元件,濾波器,振盪器",台灣三大石英元件廠之一,上櫃
6175,立敦,電子零組件,"被動元件,被動元件上游",立隆電旗下的被動元件上游鋁箔製造廠,上櫃
6185,幃翔,電子零組件,"連接器,電子零件元件",生產各類應用連接器,上櫃
6194,育富,電子零組件,"印刷電路板,印刷電路板相關",台灣印刷電路板製造業者,上櫃
6203,海韻電,電子零組件,"電源供應器,電子零件元件",台灣以PC高階應用為主之交換式電源供應器廠商,上櫃
6204,艾華,電子零組件,"被動元件,電阻",國內利基型被動元件大廠,上櫃
6207,雷科,電子零組件,"其他電子零件,電子零件元件,設備儀器商",主/被動元件設備及材料供應商,上櫃
6210,慶生,電子零組件,"印刷電路板,印刷電路板相關",台灣中小型的多層PCB廠,上櫃
6217,中探針,電子零組件,"探針、探針卡,封測服務與材料",台灣第一家探針及探針式連接器製造廠,上櫃
6220,岳豐,電子零組件,"電子零件元件,連接線材",主要生產區域網路線材，並延伸至終端產品生產廠商,上櫃
6259,百徽,電子零組件,"磁性元件,被動元件,電感,電子零件元件,電子元件代理商,電子通路,分離式元件,電晶體",主要代理電磁波防制元件和電源相關元件,上櫃
6266,泰詠,電子零組件,"電子製造服務,電腦系統業",台灣專業SMT加工及組裝測試廠商,上櫃
6274,台燿,電子零組件,"銅箔基板,印刷電路板相關",全球前十大銅箔基板廠之一,上櫃
6275,元山,電子零組件,"散熱風扇馬達,電子零件元件,散熱模組,小家電,家電",知名散熱風扇大廠,上櫃
6279,胡連,電子零組件,"汽機車零組件,其他電子零件,電子零件元件",兩岸最大汽車端子製造商,上櫃
6284,佳邦,電子零組件,"其他電子零件,電子零件元件,通訊設備,天線",電子保護元件及天線產品之領導廠商,上櫃
6290,良維,電子零組件,"電子零件元件,連接線材",全球知名電源線及充電器轉接頭製造商,上櫃
6292,迅德,電子零組件,"變壓器,電子零件元件",專注生產工業用變壓器產品之廠商,上櫃
6418,詠昇,電子零組件,"連接器,電子零件元件,連接線材",各種應用之訊號連接器及傳輸線製造商,上櫃
6432,今展科,電子零組件,"被動元件,電感,壓敏電阻,IC零組件通路商,電子通路",專業之電感供應商,上櫃
6538,倉和,電子零組件,電子其他,國內最大的太陽能精密網版廠,上櫃
6584,南俊國際,電子零組件,"其他電子零件,電子零件元件",專業鋼珠滑軌之製造廠商,上櫃
6597,立誠,電子零組件,"LED,LED散熱基板",一詮轉投資之LED陶瓷基板廠,上櫃
6642,富致,電子零組件,"被動元件,熱敏電阻",台灣PPTC自復式保險絲製造商,上櫃
6664,群翊,電子零組件,"PCB相關設備,設備儀器商",全球最大PCB塗佈烘烤設備廠商,上櫃
6727,亞泰金屬,電子零組件,"PCB相關設備,設備儀器商",全球知名的銅箔基板高階含浸設備製造商,上櫃
6761,穩得,電子零組件,"被動元件,檢測驗證服務,電子元件代理商,電子通路,設備儀器商",國內知名的EMC一站式服務商,上櫃
6821,聯寶,電子零組件,"變壓器,無線充電,電子零件元件",主要從事變壓器及電感器等磁性元件製造,上櫃
6913,鴻呈,電子零組件,"電子零件元件,連接線材",全球線纜製造組裝規劃供應商,上櫃
6967,汎瑋材料,電子零組件,"其他電子零件,電子零件元件,電子元件代理商,電子通路",電子功能性材料製造商兼經銷商,上櫃
8038,長園科,電子零組件,"電池材料相關,正極材料,工業用電池,電力設備",氧化鋰鐵電池模組系統應用生產商,上櫃
8042,金山電,電子零組件,"被動元件,鋁質電解電容",MB、SPS、CRT用之鋁質電解電容器大廠,上櫃
8043,蜜望實,電子零組件,"被動元件,MLCC,電感,電子元件代理商,電子通路",主要代理太陽誘電之積層陶瓷電容及電感,上櫃
8071,能率網通,電子零組件,"隱形眼鏡,輔助與彌補用醫材,模具沖壓,電子零件元件,電子元件代理商,電子通路",專精事務機塑膠機構件及隱形眼鏡之生產業務,上櫃
8074,鉅橡,電子零組件,"PCB材料,印刷電路板相關",全球最大PCB墊板供應商,上櫃
8093,保銳,電子零組件,"電源供應器,散熱風扇馬達,電子零件元件",主攻高階DIY市場且經營自有品牌之電源與電腦週邊廠,上櫃
8109,博大,電子零組件,"電源供應器,電子零件元件",台灣專攻工業與通訊應用之利基型電源廠,上櫃
8121,越峰,電子零組件,"被動元件,被動元件上游",台聚旗下、台灣最大錳鋅系列鐵芯等電感類製造商,上櫃
8147,正淩,電子零組件,"連接器,電子零件元件",生產PC、工業及通信用的連接器廠商,上櫃
8155,博智,電子零組件,"印刷電路板,印刷電路板相關",仁寶集團旗下工業及商業用PCB廠,上櫃
8182,加高,電子零組件,"被動元件,石英元件,振盪器",日本大真空轉投資，為台灣石英元件製造商,上櫃
8289,泰藝,電子零組件,"被動元件,振盪器",台灣專業石英振盪器製造商,上櫃
8358,金居,電子零組件,"銅箔,印刷電路板相關",台灣前三大電解銅箔製造商,上櫃
3224,三顧,電子通路,"連接器,電子零件元件,電子元件代理商,電子通路",經營電子材料代理及再生醫療業務,上櫃
3232,昱捷,電子通路,"IC設計,LCD驅動IC,IC零組件通路商,電子通路,分離式元件",主要代理日系的電子零組件通路商,上櫃
3360,尚立,電子通路,"影像感測元件,IC零組件通路商,電子通路,數位相機",代理影像感測元件和專注於網通設備和服務的企業,上櫃
3444,利機,電子通路,"電子元件代理商,半導體材料通路商,電子通路",國內半導體封測材料通路商,上櫃
6113,亞矽,電子通路,"IC零組件通路商,電子通路",歐美半導體零件的專業代理商,上櫃
6118,建達,電子通路,"電腦通路商,電子通路",3C電腦周邊產品代理通路商,上櫃
6154,順發,電子通路,"3C通路商,電子通路",台灣大型的3C量販零售通路商,上櫃
6227,茂綸,電子通路,"IC零組件通路商,電子通路,軟體業,軟體通路／代理",日本Macnica集團旗下的專業IC通路商,上櫃
6265,方土昶,電子通路,"非揮發性記憶體,DRAM,IC零組件通路商,電子通路,IC製造",記憶體元件代理及保健食品銷售商,上櫃
6270,倍微,電子通路,"IC零組件通路商,電子通路",半導體電子零組件代理及韌體服務,上櫃
8032,光菱,電子通路,"IC零組件通路商,電子元件代理商,電子通路",瑞薩、三菱等日系原廠產品在台代理商,上櫃
8067,志旭,電子通路,"電腦通路商,電子通路,時尚產業,美妝保養品",光電資訊產品及美妝商品之專業代理商,上櫃
8068,全達,電子通路,"IC零組件通路商,電子通路,軟體業,軟體通路／代理",大宇資旗下的IC零組件通路商,上櫃
8084,巨虹,電子通路,"輔助與彌補用醫材,電子元件代理商,電子通路,週邊產品,記憶卡,旅宿／餐飲,餐飲",經營記憶體通路及餐飲、助聽器等產品,上櫃
8096,擎亞,電子通路,"IC零組件通路商,電子元件代理商,電子通路",為韓國三星在台之主要合作夥伴,上櫃
3147,大綜,資訊服務,"系統整合,電腦通路商,電子通路,軟體業",電腦軟硬體設備代理銷售及系統整合商,上櫃
3570,大塚,資訊服務,"系統整合,軟體業,套裝軟體,軟體通路／代理",工程繪圖CAD/CAM/CAE/CAID軟體代理商,上櫃
4953,緯軟,資訊服務,"軟體業,雲端科技,Internet技術與基礎設施",緯創旗下台灣最大資訊委外服務廠商,上櫃
5201,凱衛,資訊服務,"系統整合,軟體業",以證券金融服務為主的系統整合商,上櫃
5202,力新,資訊服務,"醫療器材通路,軟體業,套裝軟體",台灣影像處理軟體商,上櫃
5210,寶碩,資訊服務,"電力,太陽能發電,系統整合,軟體業",證券金融相關解決方案系統整合廠商,上櫃
5211,蒙恬,資訊服務,"掃瞄器,軟體業,虛擬實境,週邊產品,手寫板",台灣手寫辨識軟硬體廠商,上櫃
5212,凌網,資訊服務,"系統整合,軟體業,消費性電子產品,電子書閱讀器",以知識管理為主的系統整合廠,上櫃
5310,天剛,資訊服務,"化學工業,其他化工產品,系統整合,軟體業,遊戲產業,手機遊戲",金融系統整合廠,上櫃
5403,中菲,資訊服務,"系統整合,軟體業",金融與物流業系統整合、軟體服務之廠商,上櫃
5410,國眾,資訊服務,"傳產其他,金融機具,系統整合,軟體業,企業資源規劃",大眾控轉投資系統整合廠,上櫃
6123,上奇,資訊服務,"電子元件代理商,電子通路,軟體業,軟體通路／代理",電腦軟硬體、OA產品及耗材代理商,上櫃
6140,訊達,資訊服務,"系統整合,軟體業,企業資源規劃",以金融、資訊、媒體、半導體產業為主的系統整合商,上櫃
6148,驊宏資,資訊服務,"系統整合,電腦通路商,電子通路,軟體業",金融及公共事業SI廠,上櫃
6221,晉泰,資訊服務,"系統整合,軟體業,軟體通路／代理,雲端科技,Internet技術與基礎設施",電子商務系統整合廠商,上櫃
6231,系微,資訊服務,"IC設計軟體,IC設計,軟體業",NB及IA產品的BIOS廠商,上櫃
6240,松崗,資訊服務,"系統整合,軟體業,地產,物業投資發展",專注協助企業數位服務與轉型領域,上櫃
6516,勤崴國際,資訊服務,"軟體業,應用軟體",中華電旗下台灣最大圖資公司,上櫃
6590,普鴻,資訊服務,"資訊安全,系統整合,電子支付,軟體業",台灣金融支付加解密解決方案最大供應商,上櫃
6593,台灣銘板,資訊服務,"傳產其他,電子其他,智慧卡相關",專業信用卡製卡廠商,上櫃
6697,東捷資訊,資訊服務,"軟體業,企業資源規劃,客戶關係管理",東元旗下ERP整合規劃廠,上櫃
6751,智聯服務,資訊服務,"系統整合,軟體業",宏碁旗下IT規劃整合及服務廠,上櫃
6752,叡揚,資訊服務,"軟體業,企業資源規劃,應用軟體",企業e化應用軟體開發與服務廠,上櫃
6791,虎門科技,資訊服務,"系統整合,軟體業,企業資源規劃",CAE、CPC導入暨顧問諮詢服務廠,上櫃
6874,倍力,資訊服務,"軟體業,軟體通路／代理",資通轉投資之企業軟體代理及開發廠,上櫃
8099,大世科,資訊服務,"系統整合,軟體業,雲端科技,Internet技術與基礎設施",大同旗下資訊通信系統整合廠商,上櫃
8272,全景軟體,資訊服務,"資訊安全,軟體業",緯創旗下，專注身份認證的資訊安全軟體公司,上櫃
8284,三竹,資訊服務,"系統整合,軟體業,應用軟體",金融服務軟體供應商,上櫃
8416,實威,資訊服務,"軟體業,軟體通路／代理,週邊產品,3D印表機",3D CAD/CAM/CAE/PDM軟硬體代理商,上櫃
1785,光洋科,其他電子,"傳產其他,回收、焚化相關,半導體化學品,貴金屬",全球最大硬碟靶材供應商,上櫃
3067,全域,其他電子,"水資源,水資源設備/耗材,電子零件元件,音響設備及零件",以Phonic為品牌行銷全球之專業音響廠商,上櫃
3093,港建*,其他電子,"PCB相關設備,設備儀器商,封測用設備",PCB、IC封裝及CD-R/DVD製程設備廠,上櫃
3131,弘塑,其他電子,"半導體製程設備,設備儀器商,半導體化學品,封測用設備",酸槽設備在台市占率第一名,上櫃
3219,倚強科,其他電子,設備儀器商,全球領先的消費電子及車電測試方案供應商,上櫃
3285,微端,其他電子,"面板業,LCM,電子零件元件,音響設備及零件",數位影音產品與LCD模組製造商,上櫃
3289,宜特,其他電子,"檢測驗證服務,設備儀器商",台灣半導體驗證分析大廠,上櫃
3303,岱稜,其他電子,電子其他,全球前三大的燙金箔領導商,上櫃
3324,雙鴻,其他電子,"電子零件元件,散熱模組",台灣前二大散熱模組廠商,上櫃
3373,熱映,其他電子,"體溫計,診斷與監測用醫材,設備儀器商,量測儀器,儀表,機械",主營紅外線精密量測技術產品,上櫃
3402,漢科,其他電子,"電子其他,半導體製程設備,設備儀器商,無塵室工程",專注於特殊氣體輸配工程設備廠商,上櫃
3465,進泰電子,其他電子,"電子零件元件,音響設備及零件",專業音響OEM/ODM製造商,上櫃
3498,陽程,其他電子,"PCB相關設備,設備儀器商,面板設備,自動化設備,機械",台灣PCB暨CCL、環境工程及物流等自動化設備廠,上櫃
3508,位速,其他電子,"機殼表面處理,電子零件元件",手機外殼電鍍、濺鍍與塗裝之表面處理專業廠,上櫃
3541,西柏,其他電子,"視訊轉換相關,消費性電子產品",台灣專業智慧型影音訊號產品製造商,上櫃
3552,同致,其他電子,"車用電子,倒車雷達,倒車影像系統",全球知名倒車雷達大廠,上櫃
3580,友威科,其他電子,"半導體製程設備,設備儀器商",台灣真空設備與真空濺鍍供應商,上櫃
3587,閎康,其他電子,"檢測驗證服務,設備儀器商",以材料分析為主之專業獨立實驗室,上櫃
3628,盈正,其他電子,"UPS,電子零件元件,配電工程,電力設備",UPS設備製造商兼專案工程商,上櫃
3663,鑫科,其他電子,"傳產其他,回收、焚化相關,半導體化學品",屬中鋼集團之台灣前兩大濺鍍靶材廠,上櫃
4554,橙的,其他電子,"車用電子,胎壓監測系統",胎壓偵測器在北美市佔率達7%以上,上櫃
4577,達航科技,其他電子,"雷射鑽孔機、鑽頭,PCB相關設備,印刷電路板相關,設備儀器商,電子製造服務,電腦系統業",台灣PCB鑽孔代工和設備廠商,上櫃
4760,勤凱,其他電子,"被動元件,被動元件上游,太陽能,太陽能導電漿",台灣被動元件、太陽能導電漿料大廠,上櫃
5452,佶優,其他電子,"ABS,石化業,電子元件代理商,電子通路,半導體化學品",全球塑膠粒及PCR環保塑膠原料整合平台商,上櫃
5489,彩富,其他電子,"消費性電子產品,安全監控",台灣網路視訊安全監控系統專業代工廠,上櫃
5493,三聯,其他電子,"設備儀器商,量測儀器,半導體化學品",感測、監測系統整合服務商,上櫃
5536,聖暉*,其他電子,"電子其他,無塵室工程,水電消防工程,營造工程",以無塵室工程為主，並跨足機電系統整合服務廠商,上櫃
6146,耕興,其他電子,"檢測驗證服務,設備儀器商",國內最具規模之手機及網通專業認證實驗室,上櫃
6151,晉倫,其他電子,"傳產其他,複合材料",台灣汽車複合材料供應商,上櫃
6512,啟發電,其他電子,"視訊轉換相關,消費性電子產品",專業影音訊號延長器、分配器及處理器廠商,上櫃
6613,朋億*,其他電子,設備儀器商,聖暉子公司，經營半導體廠務設備製造,上櫃
6654,天正國際,其他電子,設備儀器商,專業的被動元件自動化生產設備商,上櫃
6667,信紘科,其他電子,設備儀器商,高科技廠務工程及製程設備領域之專業廠商,上櫃
6735,美達科技,其他電子,"IC檢測設備,設備儀器商",半導體類比暨混合訊號IC測試設備知名廠商,上櫃
6739,竹陞科技,其他電子,設備儀器商,半導體智能化系統整合廠,上櫃
6840,東研信超,其他電子,"檢測驗證服務,設備儀器商",電子設備及電子產品的測試技術服務商,上櫃
6855,數泓科,其他電子,"手工具,機械",台灣數位手工具領導者,上櫃
6877,鏵友益,其他電子,"半導體製程設備,IC檢測設備,設備儀器商,面板設備",國內半導體及光電產業之檢測功能自動化設備供應商,上櫃
6903,巨漢,其他電子,"電子其他,無塵室工程",無塵室及機電空調之統包工程廠商,上櫃
7703,銳澤,其他電子,設備儀器商,朋億旗下，高科技產業廠務及製程設備廠商,上櫃
7728,光焱科技,其他電子,"半導體製程設備,IC檢測設備,設備儀器商",光電子晶片(PIC)檢測大廠,上櫃
8047,星雲,其他電子,設備儀器商,世界知名的電腦割字機製造大廠,上櫃
8085,福華,其他電子,"傳產其他,碳權相關,面板業,面板零組件,背光模組,LCM,其他電子零件,電子零件元件,週邊產品",大同集團旗下電子零組件廠,上櫃
8092,建暐,其他電子,"設備儀器商,量測儀器,工具機,機械",IC封裝模具及量測儀器廠製造商,上櫃
8183,精星,其他電子,"電子製造服務,電腦系統業",專業電子製造服務(EMS)廠商,上櫃
8431,匯鑽科,其他電子,"傳產其他,金屬加工/製品",亞太最大表面處理大廠,上櫃
8455,大拓-KY,其他電子,"電子元件代理商,電子通路,設備儀器商,電機,變頻器,電力設備",國內知名的電機、電子零組件代理經銷商,上櫃
2596,綠意,建材營造,"營建,地產",桃園及台北地區小型建商,上櫃
2718,全心投控,建材營造,"控股公司,營建,地產",由飯店業跨入不動產開發產業,上櫃
3188,鑫龍騰,建材營造,"營建,地產",以開發南部不動產商品為主,上櫃
3489,森寶,建材營造,"住宅建設,營造工程",森聯旗下，房地產開發商,上櫃
3512,皇龍,建材營造,"電子零件元件,散熱模組,營建,地產",從事營建事業及散熱片設計製造,上櫃
3521,鴻翊,建材營造,"POS機系統,電腦系統業,營建,地產",從事營建及POS機系統業務,上櫃
4113,聯上,建材營造,"營建,地產",聯上建築集團旗下負責南部推案的建商,上櫃
4416,三圓,建材營造,"營建,地產,物業投資發展",從事國民住宅興建及出租出售業務,上櫃
4907,富宇,建材營造,"營建,園林造景,地產,營造工程",富宇建設集團成員之一，針對竹科及中科週邊進行開發,上櫃
5206,坤悅,建材營造,"營建,地產",推案集中於台中地區之建商,上櫃
5213,亞昕,建材營造,"營建,地產",推案集中於大台北地區之建商,上櫃
5324,士開,建材營造,"營建,地產,旅宿／餐飲,飯店",仰德集團旗下之建設、飯店業者,上櫃
5455,昇益,建材營造,"營建,地產",從事不動產開發興建及不動產租賃業務,上櫃
5508,永信建,建材營造,"營建,地產",高雄建商，以成屋銷售為主,上櫃
5511,德昌,建材營造,"住宅建設,基礎建設,營造工程",商辦大樓、高科技廠房及公共工程等為營業項目之營造商,上櫃
5512,力麒,建材營造,"水利,水資源,污水處理,營建,住宅建設,地產,營造工程,環保工程,旅宿／餐飲,飯店",力麗集團旗下建商、環衛營造商,上櫃
5514,三豐,建材營造,"營建,地產,物業投資發展",以都市更新為主之建商,上櫃
5516,雙喜,建材營造,"住宅建設,基礎建設,營造工程,工程顧問",承攬各項公共、建築及土木工程之營造廠,上櫃
5520,力泰,建材營造,"水泥,預拌混凝土",台灣預拌混凝土製造加工廠,上櫃
5523,豐謙,建材營造,"營建,地產",嘉義地區建商,上櫃
5529,鉅陞,建材營造,"營建,地產",推案集中於新竹地區之建商,上櫃
5543,桓鼎-KY,建材營造,"建材,金屬建材,消費用電池,電子零件元件,工業用電池,電力設備,其他營造工程,營造工程",亞洲知名金屬龍骨生產廠商,上櫃
5548,安倉,建材營造,"基礎建設,營造工程",承攬政府公共工程的統包公司,上櫃
6171,大城地產,建材營造,"營建,地產",大城建設入主的中部不動產開發商,上櫃
6186,新潤,建材營造,"營建,地產",推案以台鐵、高鐵及捷運沿線為主之建商,上櫃
6198,瑞築,建材營造,"營建,住宅建設,地產,營造工程,物業投資發展",主打首購族市場的不動產開發公司,上櫃
6212,理銘,建材營造,"營建,地產",主力開發新竹地區的建商,上櫃
6219,富旺,建材營造,"營建,地產",以台中為核心擴展至全省跨區經營的建商,上櫃
6264,富裔,建材營造,"營建,地產",入主德士通，以雙北及基隆地區為主的營建公司,上櫃
8080,泰霖,建材營造,"其他營造工程,營造工程",營建剩餘土石方工程商,上櫃
8424,惠普,建材營造,"建材,複合板",台灣最大矽酸鈣板廠,上櫃
2641,正德,航運業,"散裝航運,運輸事業",以亞洲近洋航線為主力之散裝航運業者,上櫃
2643,捷迅,航運業,"陸運,運輸事業,物流業",台灣承攬航空貨運、海運與報關業務之物流業者,上櫃
5601,台聯櫃,航運業,"倉儲/貨櫃場,運輸事業",台灣經營貨櫃集散站之業者,上櫃
5603,陸海,航運業,"加油站,其他公用事業,倉儲/貨櫃場,陸運,運輸事業",從事內陸貨櫃運輸、裝卸及重機件運輸、吊裝業務之業者,上櫃
5609,中菲行,航運業,"運輸事業,物流業",台灣空運及海運貨運承攬商,上櫃
7716,昱臺國際,航運業,"運輸事業,物流業",主要提供貨物之海運承攬服務,上櫃
1259,安心,觀光餐旅,"旅宿／餐飲,餐飲",東元旗下，以摩斯為速食餐飲連鎖品牌,上櫃
1268,漢來美食,觀光餐旅,"旅宿／餐飲,餐飲",創始於高雄，為南台灣餐飲龍頭,上櫃
2719,燦星旅,觀光餐旅,"休閒娛樂,旅遊",台鋼集團旗下旅遊公司,上櫃
2726,雅茗-KY,觀光餐旅,"旅宿／餐飲,餐飲,休閒食品零售",在大陸以快樂檸檬品牌知名的台商茶飲料業者,上櫃
2729,瓦城,觀光餐旅,"旅宿／餐飲,餐飲",泰式料理連鎖餐廳,上櫃
2732,六角,觀光餐旅,"旅宿／餐飲,餐飲,休閒食品零售",在全球80個城市擁有門市據點的外帶式茶飲與甜品供應商,上櫃
2734,易飛網,觀光餐旅,"Internet應用與服務,電商平台,休閒娛樂,旅遊",聚焦於線上服務的旅遊業者,上櫃
2736,富野,觀光餐旅,"旅宿／餐飲,飯店",台東縣知本溫泉區的知名溫泉飯店,上櫃
2740,天蔥,觀光餐旅,"旅宿／餐飲,餐飲",創始於台北天母地區的西式牛排連鎖餐廳,上櫃
2743,山富,觀光餐旅,"休閒娛樂,旅遊",台灣知名旅行社之一,上櫃
2745,五福,觀光餐旅,"休閒娛樂,旅遊",來自高雄的國內前五大旅行社,上櫃
2751,王座,觀光餐旅,"旅宿／餐飲,餐飲",六角旗下，代理與經營海內外餐飲品牌,上櫃
2752,豆府,觀光餐旅,"旅宿／餐飲,餐飲",台灣規模最大韓式連鎖餐廳集團,上櫃
2754,亞洲藏壽司,觀光餐旅,"旅宿／餐飲,餐飲",日式迴轉壽司連鎖店，擁有品牌「藏壽司」,上櫃
2755,揚秦,觀光餐旅,"旅宿／餐飲,餐飲",連鎖.直營門市餐飲經營者，擁有品牌「麥味登」,上櫃
2756,聯發國際,觀光餐旅,"旅宿／餐飲,餐飲,休閒食品零售",茶飲連鎖店，擁有品牌「歇腳亭」,上櫃
3252,海灣,觀光餐旅,"旅宿／餐飲,飯店",知名海邊渡假飯店,上櫃
3522,御嵿,觀光餐旅,"服務業,婚宴顧問,旅宿／餐飲,餐飲",連鎖餐飲事業，擁有頂鮮餐廳及晶宴會館,上櫃
4419,皇家美食,觀光餐旅,"旅宿／餐飲,餐飲",經營漢堡王、潮港城二大餐飲品牌,上櫃
4530,宏易,觀光餐旅,"汽車內裝,安全氣囊,旅宿／餐飲,餐飲",主要經營餐飲燒烤餐館品牌,上櫃
4804,大略-KY,觀光餐旅,"旅宿／餐飲,飯店",主要在上海經營連鎖飯店及婚宴相關服務,上櫃
5364,力麗店,觀光餐旅,"消費用電池,電子零件元件,太陽能,太陽能電池,旅宿／餐飲,飯店",以力麗哲園為品牌之飯店經營業者,上櫃
5701,劍湖山,觀光餐旅,"旅宿／餐飲,飯店,休閒娛樂,主題樂園",台灣中部地區遊樂園、百貨及飯店業者,上櫃
5703,亞都,觀光餐旅,"旅宿／餐飲,飯店",位於台北中山區之5星級飯店,上櫃
5704,老爺知,觀光餐旅,"旅宿／餐飲,飯店",老爺酒店集團旗下，位於台東知本之溫泉飯店,上櫃
5905,南仁湖,觀光餐旅,"服務業,消費者服務,旅宿／餐飲,休閒娛樂,渡假山莊",高速公路休息站及海生館、小墾丁渡假村之經營業者,上櫃
7708,全家餐飲,觀光餐旅,"旅宿／餐飲,餐飲",全家旗下，從事連鎖餐飲服務,上櫃
7723,築間,觀光餐旅,"旅宿／餐飲,餐飲",台灣知名火鍋與燒肉連鎖餐飲企業,上櫃
7757,金色三麥,觀光餐旅,"啤酒,飲料相關,旅宿／餐飲,餐飲",主要經營精釀啤酒釀造及餐廳,上櫃
8077,洛碁,觀光餐旅,"旅宿／餐飲,飯店",以台北市為主的飯店經營業者,上櫃
5864,致和證,金融保險,"證券,金融業",總部位於台南之券商,上櫃
5878,台名,金融保險,"保險經紀,金融業",台灣前三大之保險經紀公司,上櫃
6015,宏遠證,金融保險,"證券,金融業",三商壽轉投資的中小型券商,上櫃
6016,康和證,金融保險,"證券,金融業",台灣綜合型證券商，其中期貨業務市占排名前十大,上櫃
6020,大展證,金融保險,"證券,金融業",以大台北地區為營運的區域型券商,上櫃
6021,美好證,金融保險,"證券,金融業",台灣一家綜合型券商,上櫃
6023,元大期,金融保險,"證券,金融業",台灣期貨龍頭企業，屬元大集團,上櫃
6026,福邦證,金融保險,"證券,金融業",台灣小型綜合型上券商，以承銷及資產管理為重心,上櫃
8908,欣雄,油電燃氣,"石油及天然氣,天然氣",主要經營高雄市鳳山、大寮等13區之天然氣業者,上櫃
8917,欣泰,油電燃氣,"石油及天然氣,天然氣",主要經營新北市樹林、土城等9區之天然氣業者,上櫃
8927,北基,油電燃氣,"加油站,其他公用事業,營建,地產",國內加油站經營商，擁有80個據點,上櫃
8931,大汽電,油電燃氣,"電力,汽電共生",設於大園工業區內之汽電共生公司,上櫃
3073,天方能源,綠能環保,"電力,風力發電,太陽能發電",從事太陽能發電、風力發電、儲能等再生能源業務,上櫃
3551,世禾,綠能環保,"半導體製程設備,設備儀器商",精密洗淨及再生處理加工的龍頭廠商,上櫃
3713,新晶投控,綠能環保,"電力,太陽能發電,太陽能,太陽能電池模組,太陽能系統運用",太陽能統包工程廠，從事太陽能電廠之投資開發、建置及維運,上櫃
5205,中茂,綠能環保,"水資源,污水處理,傳產其他,回收、焚化相關",廢水及廢棄物處理工程商,上櫃
5432,新門,綠能環保,"面板業,LCM,太陽能,PV Inverter,工業用電池,電力設備",所羅門子公司，液晶顯示模組與太陽能系統組件廠,上櫃
6624,萬年清,綠能環保,"水資源,污水處理",從事工業用水與廢水處理之統包工程,上櫃
6692,進能服,綠能環保,"太陽能,太陽能系統運用",一體化太陽光電發電系統服務商,上櫃
6803,崑鼎,綠能環保,"控股公司,傳產其他,回收、焚化相關",中鼎集團旗下，台灣知名廢棄物處理、焚化爐營運商,上櫃
6894,衛司特,綠能環保,"水資源,水資源設備/耗材,傳產其他,回收、焚化相關",聖暉轉投資PCB製程應用電解設備及耗材廠,上櫃
6971,惠民實業,綠能環保,"水利,水資源,污水處理",從事污廢水處理操作維護、工程承攬之業者,上櫃
7715,裕山,綠能環保,"傳產其他,回收、焚化相關,營造工程,工程顧問,環保工程",基士德轉投資之土壤及地下水污染整治工程服務商,上櫃
8087,麗升能源,綠能環保,"電力,風力發電,太陽能發電,太陽能,太陽能系統運用",從事太陽能、風電等再生能源電廠投資與建置業務,上櫃
8171,天宇,綠能環保,"汽機車零組件,車用電池,消費用電池,電子零件元件,工業用電池,電力設備",專攻電池模組與電源管理模組之廠商,上櫃
8390,金益鼎,綠能環保,"傳產其他,回收、焚化相關",台灣清運處理固體電子廢棄物業者,上櫃
8423,保綠-KY,綠能環保,"合成橡膠,橡膠工業",馬來西亞最大的再生膠、膠粉及膠粒製造商,上櫃
8440,綠電,綠能環保,"傳產其他,回收、焚化相關",台灣最大的廢家電及廢資訊物品回收業者,上櫃
2640,大車隊,數位雲端,"汽車服務相關,車輛整車,客運,運輸事業",台灣計程車車隊龍頭企業,上櫃
2949,欣新網,數位雲端,"傳播事業,廣告,Internet技術與基礎設施,電商服務",台灣電商營運服務商,上櫃
3085,新零售,數位雲端,"運輸事業,物流業,Internet應用與服務,電商平台",台鋼集團旗下電商公司,上櫃
3687,歐買尬,數位雲端,"文化創意產業,電子支付,軟體業,PC遊戲,遊戲產業,手機遊戲",第三方金流服務及遊戲代理商,上櫃
5278,尚凡*,數位雲端,"Internet應用與服務,社群網站與媒體",台灣知名交友社群媒體服務商,上櫃
5287,數字,數位雲端,"汽車銷售,車輛整車,人力資源,Internet應用與服務,電商平台,房屋仲介",電商平台包含寶物、房屋、汽車交易及人力資源,上櫃
5321,美而快,數位雲端,"成衣,成衣銷售/零售,Internet應用與服務,電商平台",台灣服飾電商業者,上櫃
6690,安碁資訊,數位雲端,"資訊安全,軟體業",宏碁旗下資訊安全管理服務廠,上櫃
6741,91APP*-KY,數位雲端,"軟體業,應用軟體,Internet技術與基礎設施,電商服務",台灣知名虛實融合(OMO)新零售服務商,上櫃
6763,綠界科技*,數位雲端,"電子支付,軟體業",歐買尬旗下第三方支付平台,上櫃
6811,宏碁資訊,數位雲端,"系統整合,軟體業",宏碁旗下，企業數位轉型服務供應商,上櫃
6865,偉康科技,數位雲端,"軟體業,企業資源規劃,應用軟體",金融業數位轉型解決方案供應商,上櫃
6870,騰雲,數位雲端,"系統整合,軟體業,Internet技術與基礎設施,電商服務",台灣專業零售業一站式解決方案提供商,上櫃
6925,意藍,數位雲端,"軟體業,應用軟體,人工智慧,雲端科技,Internet技術與基礎設施",提供AI與大數據技術之智能數據服務提供商,上櫃
6997,博弘,數位雲端,"雲端科技,Internet技術與基礎設施",隸屬遠東集團，遠傳旗下之一站式雲端服務供應商,上櫃
7547,碩網,數位雲端,"系統整合,軟體業,應用軟體,人工智慧",金融業聊天機器人平台研發廠,上櫃
7714,創泓科技,數位雲端,"通訊設備,資安設備,資訊安全,軟體業,軟體通路／代理",網路資安軟硬體代理商,上櫃
7738,東聯互動,數位雲端,"金融其他,金融業",為外籍工作者提供小額跨境匯兌服務,上櫃
7747,昕奇雲端,數位雲端,"通訊設備,資安設備,資訊安全,軟體業,雲端科技,Internet技術與基礎設施",上奇轉投資雲端服務及網通資安公司,上櫃
8044,網家,數位雲端,"Internet應用與服務,電商平台",台灣知名電商平台企業,上櫃
8472,夠麻吉,數位雲端,"流通業,食品飲料相關通路,Internet應用與服務,電商平台",台灣最大吃喝玩樂票券平台「GOMAJI」,上櫃
8477,創業家,數位雲端,"Internet應用與服務,電商平台",主要經營「生活市集」電商平台,上櫃
1593,祺驊,運動休閒,"健身器材,運動產業,工業馬達,機械,休閒娛樂,俱樂部",台灣運動器材零組件製造商,上櫃
5348,正能量智能,運動休閒,"通訊設備,衛星導航,穿戴式裝置,智慧手錶",主要從事GPS智慧手錶、模組與軌跡紀錄器,上櫃
6804,明係,運動休閒,"車輛整車,自行車",台灣自行車OEM/ODM公司,上櫃
8924,大田,運動休閒,"車輛整車,自行車,高爾夫球桿頭,運動產業,球具",全球前四大高爾夫球桿頭代工廠之一,上櫃
8928,鉅明,運動休閒,"高爾夫球桿頭,運動產業",全球前四大高爾夫球桿頭代工廠之一,上櫃
8933,愛地雅,運動休閒,"車輛整車,自行車",台灣第三大自行車生產廠商,上櫃
8938,明安,運動休閒,"傳產其他,高爾夫球桿頭,複合材料,運動產業,球具",全球前四大高爾夫球桿頭代工廠之一,上櫃
9960,邁達康,運動休閒,"健身器材,運動產業,球具,Internet應用與服務,電商平台",台灣最大的高爾夫球銷售網站,上櫃
2916,滿心,居家生活,"成衣,成衣銷售/零售",台灣前二大代理知名品牌服飾廠商,上櫃
2924,宏太-KY,居家生活,"傳產其他,玩具,嬰童用品",以「黃色小鴨」品牌在兩岸經營嬰童產品,上櫃
2937,集雅社,居家生活,"電器銷售,家電",百貨家電龍頭通路商,上櫃
2941,米斯特,居家生活,"成衣,成衣銷售/零售,Internet應用與服務,電商平台",台灣服飾品牌OMO零售商,上櫃
2947,振宇五金,居家生活,"流通業,量販店、大賣場,家居相關用品通路",大型五金修繕專業賣場,上櫃
2948,寶陞,居家生活,"流通業,家居相關用品通路",代理及自有地板品牌及室內建材銷售商,上櫃
3171,炎洲流通,居家生活,"膠帶,化學工業,塑膠加工,石化業",炎洲集團旗下的包材通路商,上櫃
4609,唐鋒,居家生活,"小家電,家電",以外銷小家電產品為主的廠商,上櫃
4702,中美實,居家生活,"染料，顏料,化學工業,流通業,貿易,汽車銷售,車輛整車",台灣分散性化學染料商並跨足汽車貿易業,上櫃
5902,德記,居家生活,"流通業,貿易,食品飲料相關通路,非酒精飲料,飲料相關",統一集團旗下貿易商，旗下自有品牌為「開喜」系列茶飲,上櫃
5903,全家,居家生活,"便利商店,流通業",台灣第二大連鎖便利商店,上櫃
5904,寶雅,居家生活,"流通業,藥妝零售相關,家居相關用品通路",台灣美妝及生活用品百貨龍頭,上櫃
6195,詩肯,居家生活,"流通業,家居相關用品通路",台灣連鎖品牌家具之零售通路龍頭,上櫃
6616,特昇-KY,居家生活,"家居用品,傢俱",馬來西亞前五大木製寢室傢俱公司,上櫃
6629,泰金-KY,居家生活,"傳產其他,金屬加工/製品",泰國家飾鑄件大廠,上櫃
6728,上洋,居家生活,"服務業,消費者服務,電器銷售,家電",商用洗衣設備與家電產品代理商,上櫃
6968,萬達寵物,居家生活,"食品加工,寵物食品,傳產其他,寵物用品",寵物食用品及寵物美容服務供應商,上櫃
7782,光速火箭,居家生活,"服務業,商業服務／顧問,Internet應用與服務,電商平台,時尚產業,美妝保養品",專注自有香氛品牌、電商平台領域,上櫃
8066,來思達,居家生活,"家居用品,傢俱",擁有自有品牌之B2B傢俱商，為美國進口傢俱前五名廠商,上櫃
8433,弘帆,居家生活,"流通業,貿易",全方位女性與孩童配件飾品供應商，產品外銷歐美為主,上櫃
8941,關中,居家生活,"傳產其他,烤肉架",以生產烤肉爐、節能熱水器為主製造商,上櫃
1584,精剛,其他,合金鋼,台灣鋼鐵集團旗下合金鋼廠,上櫃
2221,大甲,其他,"不鏽鋼,不鏽鋼品",台灣最大不鏽鋼管配件製造商,上櫃
2724,藝舍-KY,其他,"房屋仲介,地產,旅宿／餐飲,飯店",轉型為不動產代銷服務商,上櫃
3284,太普高,其他,"傳產其他,印刷業",台灣最大預塗式感光平版(PS版)廠,上櫃
3313,斐成,其他,"建材,營建,住宅建設,地產,營造工程",上曜集團旗下以危老都更為主的建商,上櫃
4154,樂威科-KY,其他,"傳產其他,金屬加工/製品",精品皮件之金屬配件製造商,上櫃
4430,耀億,其他,"尼龍絲,化纖原料",全球第一大之網球拍線製造商,上櫃
4529,淳紳,其他,"汽車製造,電動車,車輛整車,電力,太陽能發電",電動車代工製造商,上櫃
4541,晟田,其他,"航天軍工,半導體製程設備,設備儀器商,機械零組件,飛機零件/製造,機械",台灣唯一生產飛機起落架零組件廠商,上櫃
4556,旭然,其他,"水資源,水資源設備/耗材",台灣最大的工業過濾設備製造商,上櫃
5209,新鼎,其他,"系統整合,軟體業,雲端科技,Internet技術與基礎設施",中鼎旗下石化、煉油廠、交通機電等資訊系統工程SI廠,上櫃
5276,達輝-KY,其他,"車燈,汽機車零組件,機車零組件,傳產其他,嬰童用品",奐鑫集團旗下嬰幼童產品及機車零組件廠,上櫃
5314,世紀*,其他,"食品加工,保健食品,航天軍工,航空器、飛機,Internet應用與服務,電商平台,設計裝潢,營造工程",上曜集團旗下，轉型多元化業務經營,上櫃
5345,馥鴻,其他,"電氣開關設備,工業用電池,電力設備",全方位電源整合控制系統製造商,上櫃
5398,慕康生醫,其他,"醫藥產業,生物科技,醫療器材通路,醫療服務,食品生技,醫藥流通,醫療管理服務",醫藥生技通路商，並推出保健食品及跨入健檢業務,上櫃
5450,南良,其他,紡織中游,主要經營特殊紡織品、高彈性發泡材料及電源供應器,上櫃
5481,新華,其他,"服務業,教育事業,地產,物業投資發展",主要經營「芝麻街」連鎖美語補習班及國高中補習服務,上櫃
5530,龍巖,其他,"服務業,殯葬服務",台灣殯葬產業龍頭,上櫃
5604,中連,其他,"地產,物業投資發展",從事工業用不動產租賃業務,上櫃
6179,亞通,其他,"營造工程,工程顧問",海外以菲律賓為主，從事能源工程相關業務,上櫃
6199,天品,其他,"服務業,殯葬服務,地產,物業投資發展",專營基督徒塔位銷售及殯葬服務,上櫃
6236,中湛,其他,"生物科技,生技服務,食品生技,資訊安全,軟體業,時尚產業,美妝保養品",台灣從事基因檢測及資訊安全服務公司,上櫃
6721,信實,其他,"保全業,服務業,清潔服務,地產,物業管理服務",主要為國內運輸機構及公家機關提供清潔、機電及保全服務,上櫃
6881,潤德,其他,"設計裝潢,營造工程",潤泰材旗下室內裝修設計公司,上櫃
6904,伯鑫,其他,"手工具,機械",國內活動扳手之專業領導製造廠,上櫃
8342,益張,其他,"家居用品,傢俱,傳產其他,金屬加工/製品,線材盤元",台灣最大商用金屬展示架製造商,上櫃
8354,冠好,其他,"膠帶,化學工業,特殊用紙,造紙業,傳產其他,文具",特殊商標專業製造廠，有粘標籤、自粘膠帶等,上櫃
8401,白紗科,其他,"傳產其他,印刷業",台灣合版印刷龍頭,上櫃
8421,旭源,其他,"傳產其他,印刷業",飲料標籤及生產設備製造商,上櫃
8426,紅木-KY,其他,"設計裝潢,水電消防工程,營造工程",國際精品的裝潢承包商,上櫃
8435,鉅邁,其他,"化學工業,其他化工產品",台灣前三大工業水處理藥劑公司,上櫃
8437,大地-KY,其他,"服務業,教育事業",大陸知名幼教品牌，提供幼教諮詢服務,上櫃
8444,綠河-KY,其他,"建材,複合板",泰國塑合板與橡膠木實木板材產銷商,上櫃
8489,三貝德,其他,"服務業,教育事業",致力於K12數位教學及品牌代理授權業者,上櫃
8905,裕國,其他,"食品加工,罐頭業,肉品加工,倉儲/貨櫃場,運輸事業",主要從事肉品、冷凍冷藏倉儲、營建業務,上櫃
8906,花王,其他,"傳產其他,印刷業",知名一貫化印製作業廠,上櫃
8916,光隆,其他,"家居用品,寢具,成衣,成衣製造,羽絨加工,紡織中游",國內知名的羽絨原料加工及寢具製造商,上櫃
8921,沈氏,其他,"傳產其他,印刷業",永豐餘集團轉投資之印刷廠,上櫃
8929,富堡,其他,"不織布,紡織中游,家庭用紙,造紙業",主要生產不織布及成人紙尿褲產品,上櫃
8932,智通*,其他,"傳產其他,拉鍊",台灣最大拉鍊製造商,上櫃
8935,邦泰,其他,"傳產其他,鞋材,複合材料",台灣鞋材及複合材料研發生產大廠,上櫃
8936,國統,其他,"水利,水資源,水泥,水泥製品",專營輸水管材之製造與承包公司，並兼營海水淡化業務,上櫃
8937,合騏,其他,"機車,沙灘車,汽機車零組件,機車零組件,車輛整車",自創品牌「ADLY」多功能休閒車專業製造廠商,上櫃
8942,森鉅,其他,"建材,複合板",台灣最大鋁塑複合板製造商,上櫃
2926,誠品生活,文化創意,"流通業,百貨業,書店,文化創意產業,旅宿／餐飲,餐飲",誠品集團旗下百貨通路及餐旅業者,上櫃
3064,泰偉,文化創意,"PC遊戲,遊戲產業,商用遊戲機",台灣博弈遊戲與商業電子遊戲機公司,上櫃
3083,網龍,文化創意,"PC遊戲,遊戲產業,手機遊戲",智冠轉投資線上遊戲開發商,上櫃
3086,華義,文化創意,"文化創意產業,PC遊戲,遊戲產業,手機遊戲",台灣知名遊戲軟體業者,上櫃
3293,鈊象,文化創意,"PC遊戲,遊戲產業,手機遊戲",台灣商用遊戲機與網路遊戲大廠,上櫃
3546,宇峻,文化創意,"PC遊戲,遊戲產業,手機遊戲",台灣知名線上遊戲開發商,上櫃
3629,地心引力,文化創意,"傳播事業,廣告",主要從事整合行銷公關服務,上櫃
4806,桂田文創,文化創意,"傳播事業,影音娛樂",台灣第一家掛牌電視劇製作公司,上櫃
4946,辣椒,文化創意,"PC遊戲,遊戲產業,手機遊戲",台灣知名休閒遊戲運營商,上櫃
5263,智崴,文化創意,"遊戲產業,商用遊戲機",台灣最大體感遊戲設備商,上櫃
5478,智冠,文化創意,"傳播事業,廣告,電子支付,軟體業,PC遊戲,遊戲產業,手機遊戲",台灣最大遊戲公司，橫跨研發、營運和通路行銷等業務,上櫃
6101,寬魚國際,文化創意,"傳播事業,影音娛樂",從事流行音樂商演、活動賽事舉辦等業務,上櫃
6111,大宇資,文化創意,"PC遊戲,遊戲產業,手機遊戲",台灣以自有品牌自創產品之線上遊戲開發商,上櫃
6144,得利影,文化創意,"文化創意產業,旅宿／餐飲,餐飲",代理知名美國片商DVD及BD在台發行之公司,上櫃
6169,昱泉,文化創意,"PC遊戲,遊戲產業,手機遊戲",台灣網路遊戲研發及代理商,上櫃
6180,橘子,文化創意,"PC遊戲,遊戲產業,手機遊戲",台灣遊戲軟體開發與營運知名企業,上櫃
6294,智基,文化創意,"服務業,教育事業",主要經營公職補習「志光」及升學補習「超級考試王」,上櫃
6482,弘煜科,文化創意,"PC遊戲,遊戲產業,手機遊戲",智冠、宇峻轉投資的網頁及手機遊戲廠,上櫃
6542,隆中,文化創意,"PC遊戲,遊戲產業,手機遊戲",台灣手機遊戲開發及代理商,上櫃
6596,寬宏藝術,文化創意,"傳播事業,影音娛樂,文化創意產業,休閒娛樂,陳列展覽相關",從事國內外演唱會、藝文活動之主辦與代理,上櫃
6856,鑫傳,文化創意,"無店舖販售,電視購物,傳播事業,影音娛樂,有線電視",台數科轉投資衛星電視台、節目製作、電視購物公司,上櫃
7584,樂意,文化創意,"PC遊戲,遊戲產業,手機遊戲",台灣知名遊戲代理營運商,上櫃
8446,華研,文化創意,"傳播事業,影音娛樂,文化創意產業",亞洲跨國唱片製作及歌手經紀人公司,上櫃
8450,霹靂,文化創意,"傳播事業,影音娛樂,有線電視,文化創意產業",台灣布袋戲文創業者,上櫃
8923,時報,文化創意,"傳播事業,出版業",台灣大型出版社之一,上櫃
9949,琉園,文化創意,"傳產其他,工藝品",以「tittot琉園」為品牌之水晶玻璃藝術品業者,上櫃
1240,茂生農經,農業科技業,"農林漁牧,家畜／家禽,飼料",家禽家畜飼料、大宗原料供應商,上櫃
4171,瑞基,農業科技業,"生物科技,農業生技,體外診斷用醫材,檢驗試劑／紙",全球最大蝦類白點病毒檢測試劑廠,上櫃
6508,惠光,農業科技業,"農藥,化學工業,塑膠皮布,石化業",台灣第二大農藥及全球第三大地工膜廠商,上櫃
6578,達邦蛋白,農業科技業,"生物科技,農業生技,農林漁牧,飼料",亞洲唯一具有微生物醱酵技術的飼料廠商,上櫃
